UGB,EMP,TIPO_LOTES,PULVENDA.DEM.MIN,Valor,Etapa,Tipo_Data,Inicio_Fim,Ordem_Etapa
CA,NOVO EMP CA,Condomínio,2028-06-01,2025-01-31,PROSPEC,PREV,INICIO,1
CA,NOVO EMP CA,Condomínio,2028-06-01,2025-05-31,PROSPEC,PREV,TERMINO,1
CA,NOVO EMP CA,Condomínio,2028-06-01,2028-05-30,PROSPEC,PREV,TERMINO,1
CA,NOVO EMP CA,Condomínio,2028-06-01,2026-11-30,LEGVENDA,PREV,INICIO,2
CA,NOVO EMP CA,Condomínio,2028-06-01,2028-05-31,PULVENDA,PREV,INICIO,3
CA,NOVO EMP CA,Condomínio,2028-06-01,2028-05-31,PULVENDA,PREV,TERMINO,3
CA,NOVO EMP CA,Condomínio,2028-06-01,2026-08-07,PL.LIMP,PREV,INICIO,4
CA,NOVO EMP CA,Condomínio,2028-06-01,2026-09-25,PL.LIMP,PREV,TERMINO,4
CA,NOVO EMP CA,Condomínio,2028-06-01,2026-09-28,LEG.LIMP,PREV,INICIO,5
CA,NOVO EMP CA,Condomínio,2028-06-01,2026-12-21,LEG.LIMP,PREV,TERMINO,5
CA,NOVO EMP CA,Condomínio,2028-06-01,2026-12-22,ENG.LIMP,PREV,INICIO,6
CA,NOVO EMP CA,Condomínio,2028-06-01,2027-03-16,ENG.LIMP,PREV,TERMINO,6
CA,NOVO EMP CA,Condomínio,2028-06-01,2027-05-23,EXECLIMP,PREV,INICIO,7
CA,NOVO EMP CA,Condomínio,2028-06-01,2027-06-23,EXECLIMP,PREV,TERMINO,7
CA,NOVO EMP CA,Condomínio,2028-06-01,2026-11-30,PL.TER,PREV,INICIO,8
CA,NOVO EMP CA,Condomínio,2028-06-01,2027-01-04,PL.TER,PREV,TERMINO,8
CA,NOVO EMP CA,Condomínio,2028-06-01,2027-01-05,LEG.TER,PREV,INICIO,9
CA,NOVO EMP CA,Condomínio,2028-06-01,2027-03-30,LEG.TER,PREV,TERMINO,9
CA,NOVO EMP CA,Condomínio,2028-06-01,2027-06-24,ENG. TER,PREV,INICIO,10
CA,NOVO EMP CA,Condomínio,2028-06-01,2027-11-12,ENG. TER,PREV,TERMINO,10
CA,NOVO EMP CA,Condomínio,2028-06-01,2027-11-13,EXECTER,PREV,INICIO,11
CA,NOVO EMP CA,Condomínio,2028-06-01,2028-06-13,EXECTER,PREV,TERMINO,11
CA,NOVO EMP CA,Condomínio,2028-06-01,2027-01-05,PL.INFRA,PREV,INICIO,12
CA,NOVO EMP CA,Condomínio,2028-06-01,2027-02-16,PL.INFRA,PREV,TERMINO,12
CA,NOVO EMP CA,Condomínio,2028-06-01,2027-02-17,LEG.INFRA,PREV,INICIO,13
CA,NOVO EMP CA,Condomínio,2028-06-01,2027-09-22,LEG.INFRA,PREV,TERMINO,13
CA,NOVO EMP CA,Condomínio,2028-06-01,2027-09-08,ENG. INFRA,PREV,INICIO,14
CA,NOVO EMP CA,Condomínio,2028-06-01,2028-01-12,ENG. INFRA,PREV,TERMINO,14
CA,NOVO EMP CA,Condomínio,2028-06-01,2028-01-13,EXECINFRA,PREV,INICIO,15
CA,NOVO EMP CA,Condomínio,2028-06-01,2028-06-13,EXECINFRA,PREV,TERMINO,15
CA,NOVO EMP CA,Condomínio,2028-06-01,2027-11-26,ENG.PAV,PREV,INICIO,16
CA,NOVO EMP CA,Condomínio,2028-06-01,2028-03-10,ENG.PAV,PREV,TERMINO,16
CA,NOVO EMP CA,Condomínio,2028-06-01,2028-03-13,EXEC.PAV,PREV,INICIO,17
CA,NOVO EMP CA,Condomínio,2028-06-01,2028-06-13,EXEC.PAV,PREV,TERMINO,17
CA,NOVO EMP CA,Condomínio,2028-06-01,2028-06-14,PUL.INFRA,PREV,INICIO,18
CA,NOVO EMP CA,Condomínio,2028-06-01,2028-06-14,PUL.INFRA,PREV,TERMINO,18
CA,NOVO EMP CA,Condomínio,2028-06-01,2026-08-07,PL.RAD,PREV,INICIO,19
CA,NOVO EMP CA,Condomínio,2028-06-01,2026-11-27,PL.RAD,PREV,TERMINO,19
CA,NOVO EMP CA,Condomínio,2028-06-01,2026-11-30,LEG.RAD,PREV,INICIO,20
CA,NOVO EMP CA,Condomínio,2028-06-01,2028-05-30,LEG.RAD,PREV,TERMINO,20
CA,NOVO EMP CA,Condomínio,2028-06-01,2028-05-31,PUL.RAD,PREV,INICIO,21
CA,NOVO EMP CA,Condomínio,2028-06-01,2028-05-31,PUL.RAD,PREV,TERMINO,21
CA,NOVO EMP CA,Condomínio,2028-06-01,2028-06-15,RAD,PREV,INICIO,22
CA,NOVO EMP CA,Condomínio,2028-06-01,2028-06-01,DEM.MIN,PREV,INICIO,23
CA,RECANTO DAS AMOREIRAS,Condomínio,2026-02-01,2022-09-30,PROSPEC,PREV,INICIO,1
CA,RECANTO DAS AMOREIRAS,Condomínio,2026-02-01,2023-01-31,PROSPEC,PREV,TERMINO,1
CA,RECANTO DAS AMOREIRAS,Condomínio,2026-02-01,2026-01-29,PROSPEC,PREV,TERMINO,1
CA,RECANTO DAS AMOREIRAS,Condomínio,2026-02-01,2024-07-29,LEGVENDA,PREV,INICIO,2
CA,RECANTO DAS AMOREIRAS,Condomínio,2026-02-01,2026-01-30,PULVENDA,PREV,INICIO,3
CA,RECANTO DAS AMOREIRAS,Condomínio,2026-02-01,2026-01-30,PULVENDA,PREV,TERMINO,3
CA,RECANTO DAS AMOREIRAS,Condomínio,2026-02-01,2024-04-05,PL.LIMP,PREV,INICIO,4
CA,RECANTO DAS AMOREIRAS,Condomínio,2026-02-01,2024-05-24,PL.LIMP,PREV,TERMINO,4
CA,RECANTO DAS AMOREIRAS,Condomínio,2026-02-01,2024-05-27,LEG.LIMP,PREV,INICIO,5
CA,RECANTO DAS AMOREIRAS,Condomínio,2026-02-01,2024-08-19,LEG.LIMP,PREV,TERMINO,5
CA,RECANTO DAS AMOREIRAS,Condomínio,2026-02-01,2024-08-20,ENG.LIMP,PREV,INICIO,6
CA,RECANTO DAS AMOREIRAS,Condomínio,2026-02-01,2024-11-12,ENG.LIMP,PREV,TERMINO,6
CA,RECANTO DAS AMOREIRAS,Condomínio,2026-02-01,2024-12-22,EXECLIMP,PREV,INICIO,7
CA,RECANTO DAS AMOREIRAS,Condomínio,2026-02-01,2025-01-22,EXECLIMP,PREV,TERMINO,7
CA,RECANTO DAS AMOREIRAS,Condomínio,2026-02-01,2024-07-29,PL.TER,PREV,INICIO,8
CA,RECANTO DAS AMOREIRAS,Condomínio,2026-02-01,2024-09-02,PL.TER,PREV,TERMINO,8
CA,RECANTO DAS AMOREIRAS,Condomínio,2026-02-01,2024-09-03,LEG.TER,PREV,INICIO,9
CA,RECANTO DAS AMOREIRAS,Condomínio,2026-02-01,2024-11-26,LEG.TER,PREV,TERMINO,9
CA,RECANTO DAS AMOREIRAS,Condomínio,2026-02-01,2025-01-23,ENG. TER,PREV,INICIO,10
CA,RECANTO DAS AMOREIRAS,Condomínio,2026-02-01,2025-06-13,ENG. TER,PREV,TERMINO,10
CA,RECANTO DAS AMOREIRAS,Condomínio,2026-02-01,2025-06-14,EXECTER,PREV,INICIO,11
CA,RECANTO DAS AMOREIRAS,Condomínio,2026-02-01,2026-01-14,EXECTER,PREV,TERMINO,11
CA,RECANTO DAS AMOREIRAS,Condomínio,2026-02-01,2024-09-03,PL.INFRA,PREV,INICIO,12
CA,RECANTO DAS AMOREIRAS,Condomínio,2026-02-01,2024-10-15,PL.INFRA,PREV,TERMINO,12
CA,RECANTO DAS AMOREIRAS,Condomínio,2026-02-01,2024-10-16,LEG.INFRA,PREV,INICIO,13
CA,RECANTO DAS AMOREIRAS,Condomínio,2026-02-01,2025-05-21,LEG.INFRA,PREV,TERMINO,13
CA,RECANTO DAS AMOREIRAS,Condomínio,2026-02-01,2025-04-09,ENG. INFRA,PREV,INICIO,14
CA,RECANTO DAS AMOREIRAS,Condomínio,2026-02-01,2025-08-13,ENG. INFRA,PREV,TERMINO,14
CA,RECANTO DAS AMOREIRAS,Condomínio,2026-02-01,2025-08-14,EXECINFRA,PREV,INICIO,15
CA,RECANTO DAS AMOREIRAS,Condomínio,2026-02-01,2026-01-14,EXECINFRA,PREV,TERMINO,15
CA,RECANTO DAS AMOREIRAS,Condomínio,2026-02-01,2025-06-30,ENG.PAV,PREV,INICIO,16
CA,RECANTO DAS AMOREIRAS,Condomínio,2026-02-01,2025-10-13,ENG.PAV,PREV,TERMINO,16
CA,RECANTO DAS AMOREIRAS,Condomínio,2026-02-01,2025-10-14,EXEC.PAV,PREV,INICIO,17
CA,RECANTO DAS AMOREIRAS,Condomínio,2026-02-01,2026-01-14,EXEC.PAV,PREV,TERMINO,17
CA,RECANTO DAS AMOREIRAS,Condomínio,2026-02-01,2026-01-15,PUL.INFRA,PREV,INICIO,18
CA,RECANTO DAS AMOREIRAS,Condomínio,2026-02-01,2026-01-15,PUL.INFRA,PREV,TERMINO,18
CA,RECANTO DAS AMOREIRAS,Condomínio,2026-02-01,2024-04-05,PL.RAD,PREV,INICIO,19
CA,RECANTO DAS AMOREIRAS,Condomínio,2026-02-01,2024-07-26,PL.RAD,PREV,TERMINO,19
CA,RECANTO DAS AMOREIRAS,Condomínio,2026-02-01,2024-07-29,LEG.RAD,PREV,INICIO,20
CA,RECANTO DAS AMOREIRAS,Condomínio,2026-02-01,2026-01-29,LEG.RAD,PREV,TERMINO,20
CA,RECANTO DAS AMOREIRAS,Condomínio,2026-02-01,2026-01-30,PUL.RAD,PREV,INICIO,21
CA,RECANTO DAS AMOREIRAS,Condomínio,2026-02-01,2026-01-30,PUL.RAD,PREV,TERMINO,21
CA,RECANTO DAS AMOREIRAS,Condomínio,2026-02-01,2026-01-16,RAD,PREV,INICIO,22
CA,RECANTO DAS AMOREIRAS,Condomínio,2026-02-01,2026-02-01,DEM.MIN,PREV,INICIO,23
CA,RECANTO DAS FIGUEIRAS,Condomínio,2027-04-01,2023-11-30,PROSPEC,PREV,INICIO,1
CA,RECANTO DAS FIGUEIRAS,Condomínio,2027-04-01,2024-03-31,PROSPEC,PREV,TERMINO,1
CA,RECANTO DAS FIGUEIRAS,Condomínio,2027-04-01,2027-03-30,PROSPEC,PREV,TERMINO,1
CA,RECANTO DAS FIGUEIRAS,Condomínio,2027-04-01,2025-09-30,LEGVENDA,PREV,INICIO,2
CA,RECANTO DAS FIGUEIRAS,Condomínio,2027-04-01,2027-03-31,PULVENDA,PREV,INICIO,3
CA,RECANTO DAS FIGUEIRAS,Condomínio,2027-04-01,2027-03-31,PULVENDA,PREV,TERMINO,3
CA,RECANTO DAS FIGUEIRAS,Condomínio,2027-04-01,2025-06-09,PL.LIMP,PREV,INICIO,4
CA,RECANTO DAS FIGUEIRAS,Condomínio,2027-04-01,2025-07-28,PL.LIMP,PREV,TERMINO,4
CA,RECANTO DAS FIGUEIRAS,Condomínio,2027-04-01,2025-07-29,LEG.LIMP,PREV,INICIO,5
CA,RECANTO DAS FIGUEIRAS,Condomínio,2027-04-01,2025-10-21,LEG.LIMP,PREV,TERMINO,5
CA,RECANTO DAS FIGUEIRAS,Condomínio,2027-04-01,2025-10-22,ENG.LIMP,PREV,INICIO,6
CA,RECANTO DAS FIGUEIRAS,Condomínio,2027-04-01,2026-01-14,ENG.LIMP,PREV,TERMINO,6
CA,RECANTO DAS FIGUEIRAS,Condomínio,2027-04-01,2026-03-08,EXECLIMP,PREV,INICIO,7
CA,RECANTO DAS FIGUEIRAS,Condomínio,2027-04-01,2026-04-08,EXECLIMP,PREV,TERMINO,7
CA,RECANTO DAS FIGUEIRAS,Condomínio,2027-04-01,2025-09-30,PL.TER,PREV,INICIO,8
CA,RECANTO DAS FIGUEIRAS,Condomínio,2027-04-01,2025-11-04,PL.TER,PREV,TERMINO,8
CA,RECANTO DAS FIGUEIRAS,Condomínio,2027-04-01,2025-11-05,LEG.TER,PREV,INICIO,9
CA,RECANTO DAS FIGUEIRAS,Condomínio,2027-04-01,2026-01-28,LEG.TER,PREV,TERMINO,9
CA,RECANTO DAS FIGUEIRAS,Condomínio,2027-04-01,2026-04-09,ENG. TER,PREV,INICIO,10
CA,RECANTO DAS FIGUEIRAS,Condomínio,2027-04-01,2026-08-28,ENG. TER,PREV,TERMINO,10
CA,RECANTO DAS FIGUEIRAS,Condomínio,2027-04-01,2026-08-30,EXECTER,PREV,INICIO,11
CA,RECANTO DAS FIGUEIRAS,Condomínio,2027-04-01,2027-03-30,EXECTER,PREV,TERMINO,11
CA,RECANTO DAS FIGUEIRAS,Condomínio,2027-04-01,2025-11-05,PL.INFRA,PREV,INICIO,12
CA,RECANTO DAS FIGUEIRAS,Condomínio,2027-04-01,2025-12-17,PL.INFRA,PREV,TERMINO,12
CA,RECANTO DAS FIGUEIRAS,Condomínio,2027-04-01,2025-12-18,LEG.INFRA,PREV,INICIO,13
CA,RECANTO DAS FIGUEIRAS,Condomínio,2027-04-01,2026-07-23,LEG.INFRA,PREV,TERMINO,13
CA,RECANTO DAS FIGUEIRAS,Condomínio,2027-04-01,2026-06-25,ENG. INFRA,PREV,INICIO,14
CA,RECANTO DAS FIGUEIRAS,Condomínio,2027-04-01,2026-10-29,ENG. INFRA,PREV,TERMINO,14
CA,RECANTO DAS FIGUEIRAS,Condomínio,2027-04-01,2026-10-30,EXECINFRA,PREV,INICIO,15
CA,RECANTO DAS FIGUEIRAS,Condomínio,2027-04-01,2027-03-30,EXECINFRA,PREV,TERMINO,15
CA,RECANTO DAS FIGUEIRAS,Condomínio,2027-04-01,2026-09-15,ENG.PAV,PREV,INICIO,16
CA,RECANTO DAS FIGUEIRAS,Condomínio,2027-04-01,2026-12-29,ENG.PAV,PREV,TERMINO,16
CA,RECANTO DAS FIGUEIRAS,Condomínio,2027-04-01,2026-12-30,EXEC.PAV,PREV,INICIO,17
CA,RECANTO DAS FIGUEIRAS,Condomínio,2027-04-01,2027-03-30,EXEC.PAV,PREV,TERMINO,17
CA,RECANTO DAS FIGUEIRAS,Condomínio,2027-04-01,2027-03-31,PUL.INFRA,PREV,INICIO,18
CA,RECANTO DAS FIGUEIRAS,Condomínio,2027-04-01,2027-03-31,PUL.INFRA,PREV,TERMINO,18
CA,RECANTO DAS FIGUEIRAS,Condomínio,2027-04-01,2025-06-09,PL.RAD,PREV,INICIO,19
CA,RECANTO DAS FIGUEIRAS,Condomínio,2027-04-01,2025-09-29,PL.RAD,PREV,TERMINO,19
CA,RECANTO DAS FIGUEIRAS,Condomínio,2027-04-01,2025-09-30,LEG.RAD,PREV,INICIO,20
CA,RECANTO DAS FIGUEIRAS,Condomínio,2027-04-01,2027-03-30,LEG.RAD,PREV,TERMINO,20
CA,RECANTO DAS FIGUEIRAS,Condomínio,2027-04-01,2027-03-31,PUL.RAD,PREV,INICIO,21
CA,RECANTO DAS FIGUEIRAS,Condomínio,2027-04-01,2027-03-31,PUL.RAD,PREV,TERMINO,21
CA,RECANTO DAS FIGUEIRAS,Condomínio,2027-04-01,2027-04-01,RAD,PREV,INICIO,22
CA,RECANTO DAS FIGUEIRAS,Condomínio,2027-04-01,2027-04-01,DEM.MIN,PREV,INICIO,23
CA,RECANTO DAS OLIVEIRAS,Condomínio,2025-07-01,2022-02-28,PROSPEC,PREV,INICIO,1
CA,RECANTO DAS OLIVEIRAS,Condomínio,2025-07-01,2022-06-30,PROSPEC,PREV,TERMINO,1
CA,RECANTO DAS OLIVEIRAS,Condomínio,2025-07-01,2025-06-27,PROSPEC,PREV,TERMINO,1
CA,RECANTO DAS OLIVEIRAS,Condomínio,2025-07-01,2023-12-27,LEGVENDA,PREV,INICIO,2
CA,RECANTO DAS OLIVEIRAS,Condomínio,2025-07-01,2025-06-30,PULVENDA,PREV,INICIO,3
CA,RECANTO DAS OLIVEIRAS,Condomínio,2025-07-01,2025-06-30,PULVENDA,PREV,TERMINO,3
CA,RECANTO DAS OLIVEIRAS,Condomínio,2025-07-01,2023-09-05,PL.LIMP,PREV,INICIO,4
CA,RECANTO DAS OLIVEIRAS,Condomínio,2025-07-01,2023-10-24,PL.LIMP,PREV,TERMINO,4
CA,RECANTO DAS OLIVEIRAS,Condomínio,2025-07-01,2023-10-25,LEG.LIMP,PREV,INICIO,5
CA,RECANTO DAS OLIVEIRAS,Condomínio,2025-07-01,2024-01-17,LEG.LIMP,PREV,TERMINO,5
CA,RECANTO DAS OLIVEIRAS,Condomínio,2025-07-01,2024-01-18,ENG.LIMP,PREV,INICIO,6
CA,RECANTO DAS OLIVEIRAS,Condomínio,2025-07-01,2024-04-11,ENG.LIMP,PREV,TERMINO,6
CA,RECANTO DAS OLIVEIRAS,Condomínio,2025-07-01,2024-05-20,EXECLIMP,PREV,INICIO,7
CA,RECANTO DAS OLIVEIRAS,Condomínio,2025-07-01,2024-06-20,EXECLIMP,PREV,TERMINO,7
CA,RECANTO DAS OLIVEIRAS,Condomínio,2025-07-01,2023-12-27,PL.TER,PREV,INICIO,8
CA,RECANTO DAS OLIVEIRAS,Condomínio,2025-07-01,2024-01-31,PL.TER,PREV,TERMINO,8
CA,RECANTO DAS OLIVEIRAS,Condomínio,2025-07-01,2024-02-01,LEG.TER,PREV,INICIO,9
CA,RECANTO DAS OLIVEIRAS,Condomínio,2025-07-01,2024-04-25,LEG.TER,PREV,TERMINO,9
CA,RECANTO DAS OLIVEIRAS,Condomínio,2025-07-01,2024-06-21,ENG. TER,PREV,INICIO,10
CA,RECANTO DAS OLIVEIRAS,Condomínio,2025-07-01,2024-11-11,ENG. TER,PREV,TERMINO,10
CA,RECANTO DAS OLIVEIRAS,Condomínio,2025-07-01,2024-11-12,EXECTER,PREV,INICIO,11
CA,RECANTO DAS OLIVEIRAS,Condomínio,2025-07-01,2025-06-12,EXECTER,PREV,TERMINO,11
CA,RECANTO DAS OLIVEIRAS,Condomínio,2025-07-01,2024-02-01,PL.INFRA,PREV,INICIO,12
CA,RECANTO DAS OLIVEIRAS,Condomínio,2025-07-01,2024-03-14,PL.INFRA,PREV,TERMINO,12
CA,RECANTO DAS OLIVEIRAS,Condomínio,2025-07-01,2024-03-15,LEG.INFRA,PREV,INICIO,13
CA,RECANTO DAS OLIVEIRAS,Condomínio,2025-07-01,2024-10-18,LEG.INFRA,PREV,TERMINO,13
CA,RECANTO DAS OLIVEIRAS,Condomínio,2025-07-01,2024-09-06,ENG. INFRA,PREV,INICIO,14
CA,RECANTO DAS OLIVEIRAS,Condomínio,2025-07-01,2025-01-10,ENG. INFRA,PREV,TERMINO,14
CA,RECANTO DAS OLIVEIRAS,Condomínio,2025-07-01,2025-01-12,EXECINFRA,PREV,INICIO,15
CA,RECANTO DAS OLIVEIRAS,Condomínio,2025-07-01,2025-06-12,EXECINFRA,PREV,TERMINO,15
CA,RECANTO DAS OLIVEIRAS,Condomínio,2025-07-01,2024-11-26,ENG.PAV,PREV,INICIO,16
CA,RECANTO DAS OLIVEIRAS,Condomínio,2025-07-01,2025-03-11,ENG.PAV,PREV,TERMINO,16
CA,RECANTO DAS OLIVEIRAS,Condomínio,2025-07-01,2025-03-12,EXEC.PAV,PREV,INICIO,17
CA,RECANTO DAS OLIVEIRAS,Condomínio,2025-07-01,2025-06-12,EXEC.PAV,PREV,TERMINO,17
CA,RECANTO DAS OLIVEIRAS,Condomínio,2025-07-01,2025-06-13,PUL.INFRA,PREV,INICIO,18
CA,RECANTO DAS OLIVEIRAS,Condomínio,2025-07-01,2025-06-13,PUL.INFRA,PREV,TERMINO,18
CA,RECANTO DAS OLIVEIRAS,Condomínio,2025-07-01,2023-09-05,PL.RAD,PREV,INICIO,19
CA,RECANTO DAS OLIVEIRAS,Condomínio,2025-07-01,2023-12-26,PL.RAD,PREV,TERMINO,19
CA,RECANTO DAS OLIVEIRAS,Condomínio,2025-07-01,2023-12-27,LEG.RAD,PREV,INICIO,20
CA,RECANTO DAS OLIVEIRAS,Condomínio,2025-07-01,2025-06-27,LEG.RAD,PREV,TERMINO,20
CA,RECANTO DAS OLIVEIRAS,Condomínio,2025-07-01,2025-06-30,PUL.RAD,PREV,INICIO,21
CA,RECANTO DAS OLIVEIRAS,Condomínio,2025-07-01,2025-06-30,PUL.RAD,PREV,TERMINO,21
CA,RECANTO DAS OLIVEIRAS,Condomínio,2025-07-01,2025-06-15,RAD,PREV,INICIO,22
CA,RECANTO DAS OLIVEIRAS,Condomínio,2025-07-01,2025-07-01,DEM.MIN,PREV,INICIO,23
CA,RECANTO DAS PINTANGUEIRAS,Condomínio,2027-11-01,2024-06-30,PROSPEC,PREV,INICIO,1
CA,RECANTO DAS PINTANGUEIRAS,Condomínio,2027-11-01,2024-10-31,PROSPEC,PREV,TERMINO,1
CA,RECANTO DAS PINTANGUEIRAS,Condomínio,2027-11-01,2027-10-28,PROSPEC,PREV,TERMINO,1
CA,RECANTO DAS PINTANGUEIRAS,Condomínio,2027-11-01,2026-04-28,LEGVENDA,PREV,INICIO,2
CA,RECANTO DAS PINTANGUEIRAS,Condomínio,2027-11-01,2027-10-29,PULVENDA,PREV,INICIO,3
CA,RECANTO DAS PINTANGUEIRAS,Condomínio,2027-11-01,2027-10-29,PULVENDA,PREV,TERMINO,3
CA,RECANTO DAS PINTANGUEIRAS,Condomínio,2027-11-01,2026-01-05,PL.LIMP,PREV,INICIO,4
CA,RECANTO DAS PINTANGUEIRAS,Condomínio,2027-11-01,2026-02-23,PL.LIMP,PREV,TERMINO,4
CA,RECANTO DAS PINTANGUEIRAS,Condomínio,2027-11-01,2026-02-24,LEG.LIMP,PREV,INICIO,5
CA,RECANTO DAS PINTANGUEIRAS,Condomínio,2027-11-01,2026-05-19,LEG.LIMP,PREV,TERMINO,5
CA,RECANTO DAS PINTANGUEIRAS,Condomínio,2027-11-01,2026-05-20,ENG.LIMP,PREV,INICIO,6
CA,RECANTO DAS PINTANGUEIRAS,Condomínio,2027-11-01,2026-08-12,ENG.LIMP,PREV,TERMINO,6
CA,RECANTO DAS PINTANGUEIRAS,Condomínio,2027-11-01,2026-10-04,EXECLIMP,PREV,INICIO,7
CA,RECANTO DAS PINTANGUEIRAS,Condomínio,2027-11-01,2026-11-04,EXECLIMP,PREV,TERMINO,7
CA,RECANTO DAS PINTANGUEIRAS,Condomínio,2027-11-01,2026-04-28,PL.TER,PREV,INICIO,8
CA,RECANTO DAS PINTANGUEIRAS,Condomínio,2027-11-01,2026-06-02,PL.TER,PREV,TERMINO,8
CA,RECANTO DAS PINTANGUEIRAS,Condomínio,2027-11-01,2026-06-03,LEG.TER,PREV,INICIO,9
CA,RECANTO DAS PINTANGUEIRAS,Condomínio,2027-11-01,2026-08-26,LEG.TER,PREV,TERMINO,9
CA,RECANTO DAS PINTANGUEIRAS,Condomínio,2027-11-01,2026-11-05,ENG. TER,PREV,INICIO,10
CA,RECANTO DAS PINTANGUEIRAS,Condomínio,2027-11-01,2027-03-26,ENG. TER,PREV,TERMINO,10
CA,RECANTO DAS PINTANGUEIRAS,Condomínio,2027-11-01,2027-03-28,EXECTER,PREV,INICIO,11
CA,RECANTO DAS PINTANGUEIRAS,Condomínio,2027-11-01,2027-10-28,EXECTER,PREV,TERMINO,11
CA,RECANTO DAS PINTANGUEIRAS,Condomínio,2027-11-01,2026-06-03,PL.INFRA,PREV,INICIO,12
CA,RECANTO DAS PINTANGUEIRAS,Condomínio,2027-11-01,2026-07-15,PL.INFRA,PREV,TERMINO,12
CA,RECANTO DAS PINTANGUEIRAS,Condomínio,2027-11-01,2026-07-16,LEG.INFRA,PREV,INICIO,13
CA,RECANTO DAS PINTANGUEIRAS,Condomínio,2027-11-01,2027-02-18,LEG.INFRA,PREV,TERMINO,13
CA,RECANTO DAS PINTANGUEIRAS,Condomínio,2027-11-01,2027-01-21,ENG. INFRA,PREV,INICIO,14
CA,RECANTO DAS PINTANGUEIRAS,Condomínio,2027-11-01,2027-05-27,ENG. INFRA,PREV,TERMINO,14
CA,RECANTO DAS PINTANGUEIRAS,Condomínio,2027-11-01,2027-05-28,EXECINFRA,PREV,INICIO,15
CA,RECANTO DAS PINTANGUEIRAS,Condomínio,2027-11-01,2027-10-28,EXECINFRA,PREV,TERMINO,15
CA,RECANTO DAS PINTANGUEIRAS,Condomínio,2027-11-01,2027-04-13,ENG.PAV,PREV,INICIO,16
CA,RECANTO DAS PINTANGUEIRAS,Condomínio,2027-11-01,2027-07-27,ENG.PAV,PREV,TERMINO,16
CA,RECANTO DAS PINTANGUEIRAS,Condomínio,2027-11-01,2027-07-28,EXEC.PAV,PREV,INICIO,17
CA,RECANTO DAS PINTANGUEIRAS,Condomínio,2027-11-01,2027-10-28,EXEC.PAV,PREV,TERMINO,17
CA,RECANTO DAS PINTANGUEIRAS,Condomínio,2027-11-01,2027-10-29,PUL.INFRA,PREV,INICIO,18
CA,RECANTO DAS PINTANGUEIRAS,Condomínio,2027-11-01,2027-10-29,PUL.INFRA,PREV,TERMINO,18
CA,RECANTO DAS PINTANGUEIRAS,Condomínio,2027-11-01,2026-01-05,PL.RAD,PREV,INICIO,19
CA,RECANTO DAS PINTANGUEIRAS,Condomínio,2027-11-01,2026-04-27,PL.RAD,PREV,TERMINO,19
CA,RECANTO DAS PINTANGUEIRAS,Condomínio,2027-11-01,2026-04-28,LEG.RAD,PREV,INICIO,20
CA,RECANTO DAS PINTANGUEIRAS,Condomínio,2027-11-01,2027-10-28,LEG.RAD,PREV,TERMINO,20
CA,RECANTO DAS PINTANGUEIRAS,Condomínio,2027-11-01,2027-10-29,PUL.RAD,PREV,INICIO,21
CA,RECANTO DAS PINTANGUEIRAS,Condomínio,2027-11-01,2027-10-29,PUL.RAD,PREV,TERMINO,21
CA,RECANTO DAS PINTANGUEIRAS,Condomínio,2027-11-01,2027-11-01,RAD,PREV,INICIO,22
CA,RECANTO DAS PINTANGUEIRAS,Condomínio,2027-11-01,2027-11-01,DEM.MIN,PREV,INICIO,23
CA,RECANTO DAS VIDEIRAS,Condomínio,2026-09-01,2023-04-30,PROSPEC,PREV,INICIO,1
CA,RECANTO DAS VIDEIRAS,Condomínio,2026-09-01,2023-08-31,PROSPEC,PREV,TERMINO,1
CA,RECANTO DAS VIDEIRAS,Condomínio,2026-09-01,2026-08-28,PROSPEC,PREV,TERMINO,1
CA,RECANTO DAS VIDEIRAS,Condomínio,2026-09-01,2025-02-28,LEGVENDA,PREV,INICIO,2
CA,RECANTO DAS VIDEIRAS,Condomínio,2026-09-01,2026-08-31,PULVENDA,PREV,INICIO,3
CA,RECANTO DAS VIDEIRAS,Condomínio,2026-09-01,2026-08-31,PULVENDA,PREV,TERMINO,3
CA,RECANTO DAS VIDEIRAS,Condomínio,2026-09-01,2024-11-07,PL.LIMP,PREV,INICIO,4
CA,RECANTO DAS VIDEIRAS,Condomínio,2026-09-01,2024-12-26,PL.LIMP,PREV,TERMINO,4
CA,RECANTO DAS VIDEIRAS,Condomínio,2026-09-01,2024-12-27,LEG.LIMP,PREV,INICIO,5
CA,RECANTO DAS VIDEIRAS,Condomínio,2026-09-01,2025-03-21,LEG.LIMP,PREV,TERMINO,5
CA,RECANTO DAS VIDEIRAS,Condomínio,2026-09-01,2025-03-24,ENG.LIMP,PREV,INICIO,6
CA,RECANTO DAS VIDEIRAS,Condomínio,2026-09-01,2025-06-16,ENG.LIMP,PREV,TERMINO,6
CA,RECANTO DAS VIDEIRAS,Condomínio,2026-09-01,2025-08-05,EXECLIMP,PREV,INICIO,7
CA,RECANTO DAS VIDEIRAS,Condomínio,2026-09-01,2025-09-05,EXECLIMP,PREV,TERMINO,7
CA,RECANTO DAS VIDEIRAS,Condomínio,2026-09-01,2025-02-28,PL.TER,PREV,INICIO,8
CA,RECANTO DAS VIDEIRAS,Condomínio,2026-09-01,2025-04-04,PL.TER,PREV,TERMINO,8
CA,RECANTO DAS VIDEIRAS,Condomínio,2026-09-01,2025-04-07,LEG.TER,PREV,INICIO,9
CA,RECANTO DAS VIDEIRAS,Condomínio,2026-09-01,2025-06-30,LEG.TER,PREV,TERMINO,9
CA,RECANTO DAS VIDEIRAS,Condomínio,2026-09-01,2025-09-08,ENG. TER,PREV,INICIO,10
CA,RECANTO DAS VIDEIRAS,Condomínio,2026-09-01,2026-01-27,ENG. TER,PREV,TERMINO,10
CA,RECANTO DAS VIDEIRAS,Condomínio,2026-09-01,2026-01-28,EXECTER,PREV,INICIO,11
CA,RECANTO DAS VIDEIRAS,Condomínio,2026-09-01,2026-08-28,EXECTER,PREV,TERMINO,11
CA,RECANTO DAS VIDEIRAS,Condomínio,2026-09-01,2025-04-07,PL.INFRA,PREV,INICIO,12
CA,RECANTO DAS VIDEIRAS,Condomínio,2026-09-01,2025-05-19,PL.INFRA,PREV,TERMINO,12
CA,RECANTO DAS VIDEIRAS,Condomínio,2026-09-01,2025-05-20,LEG.INFRA,PREV,INICIO,13
CA,RECANTO DAS VIDEIRAS,Condomínio,2026-09-01,2025-12-23,LEG.INFRA,PREV,TERMINO,13
CA,RECANTO DAS VIDEIRAS,Condomínio,2026-09-01,2025-11-21,ENG. INFRA,PREV,INICIO,14
CA,RECANTO DAS VIDEIRAS,Condomínio,2026-09-01,2026-03-27,ENG. INFRA,PREV,TERMINO,14
CA,RECANTO DAS VIDEIRAS,Condomínio,2026-09-01,2026-03-30,EXECINFRA,PREV,INICIO,15
CA,RECANTO DAS VIDEIRAS,Condomínio,2026-09-01,2026-08-30,EXECINFRA,PREV,TERMINO,15
CA,RECANTO DAS VIDEIRAS,Condomínio,2026-09-01,2026-02-11,ENG.PAV,PREV,INICIO,16
CA,RECANTO DAS VIDEIRAS,Condomínio,2026-09-01,2026-05-27,ENG.PAV,PREV,TERMINO,16
CA,RECANTO DAS VIDEIRAS,Condomínio,2026-09-01,2026-05-28,EXEC.PAV,PREV,INICIO,17
CA,RECANTO DAS VIDEIRAS,Condomínio,2026-09-01,2026-08-28,EXEC.PAV,PREV,TERMINO,17
CA,RECANTO DAS VIDEIRAS,Condomínio,2026-09-01,2026-08-31,PUL.INFRA,PREV,INICIO,18
CA,RECANTO DAS VIDEIRAS,Condomínio,2026-09-01,2026-08-31,PUL.INFRA,PREV,TERMINO,18
CA,RECANTO DAS VIDEIRAS,Condomínio,2026-09-01,2024-11-07,PL.RAD,PREV,INICIO,19
CA,RECANTO DAS VIDEIRAS,Condomínio,2026-09-01,2025-02-27,PL.RAD,PREV,TERMINO,19
CA,RECANTO DAS VIDEIRAS,Condomínio,2026-09-01,2025-02-28,LEG.RAD,PREV,INICIO,20
CA,RECANTO DAS VIDEIRAS,Condomínio,2026-09-01,2026-08-28,LEG.RAD,PREV,TERMINO,20
CA,RECANTO DAS VIDEIRAS,Condomínio,2026-09-01,2026-08-31,PUL.RAD,PREV,INICIO,21
CA,RECANTO DAS VIDEIRAS,Condomínio,2026-09-01,2026-08-31,PUL.RAD,PREV,TERMINO,21
CA,RECANTO DAS VIDEIRAS,Condomínio,2026-09-01,2026-09-01,RAD,PREV,INICIO,22
CA,RECANTO DAS VIDEIRAS,Condomínio,2026-09-01,2026-09-01,DEM.MIN,PREV,INICIO,23
CA02,JARDIM DA SERRA I,Condomínio,2025-09-01,2022-04-30,PROSPEC,PREV,INICIO,1
CA02,JARDIM DA SERRA I,Condomínio,2025-09-01,2022-08-31,PROSPEC,PREV,TERMINO,1
CA02,JARDIM DA SERRA I,Condomínio,2025-09-01,2025-08-28,PROSPEC,PREV,TERMINO,1
CA02,JARDIM DA SERRA I,Condomínio,2025-09-01,2024-02-28,LEGVENDA,PREV,INICIO,2
CA02,JARDIM DA SERRA I,Condomínio,2025-09-01,2025-08-29,PULVENDA,PREV,INICIO,3
CA02,JARDIM DA SERRA I,Condomínio,2025-09-01,2025-08-29,PULVENDA,PREV,TERMINO,3
CA02,JARDIM DA SERRA I,Condomínio,2025-09-01,2023-11-07,PL.LIMP,PREV,INICIO,4
CA02,JARDIM DA SERRA I,Condomínio,2025-09-01,2023-12-26,PL.LIMP,PREV,TERMINO,4
CA02,JARDIM DA SERRA I,Condomínio,2025-09-01,2023-12-27,LEG.LIMP,PREV,INICIO,5
CA02,JARDIM DA SERRA I,Condomínio,2025-09-01,2024-03-20,LEG.LIMP,PREV,TERMINO,5
CA02,JARDIM DA SERRA I,Condomínio,2025-09-01,2024-03-21,ENG.LIMP,PREV,INICIO,6
CA02,JARDIM DA SERRA I,Condomínio,2025-09-01,2024-06-13,ENG.LIMP,PREV,TERMINO,6
CA02,JARDIM DA SERRA I,Condomínio,2025-09-01,2024-12-07,EXECLIMP,PREV,INICIO,7
CA02,JARDIM DA SERRA I,Condomínio,2025-09-01,2025-01-07,EXECLIMP,PREV,TERMINO,7
CA02,JARDIM DA SERRA I,Condomínio,2025-09-01,2024-02-28,PL.TER,PREV,INICIO,8
CA02,JARDIM DA SERRA I,Condomínio,2025-09-01,2024-04-03,PL.TER,PREV,TERMINO,8
CA02,JARDIM DA SERRA I,Condomínio,2025-09-01,2024-04-04,LEG.TER,PREV,INICIO,9
CA02,JARDIM DA SERRA I,Condomínio,2025-09-01,2024-06-27,LEG.TER,PREV,TERMINO,9
CA02,JARDIM DA SERRA I,Condomínio,2025-09-01,2025-01-08,ENG. TER,PREV,INICIO,10
CA02,JARDIM DA SERRA I,Condomínio,2025-09-01,2025-05-29,ENG. TER,PREV,TERMINO,10
CA02,JARDIM DA SERRA I,Condomínio,2025-09-01,2025-05-30,EXECTER,PREV,INICIO,11
CA02,JARDIM DA SERRA I,Condomínio,2025-09-01,2025-12-30,EXECTER,PREV,TERMINO,11
CA02,JARDIM DA SERRA I,Condomínio,2025-09-01,2024-04-04,PL.INFRA,PREV,INICIO,12
CA02,JARDIM DA SERRA I,Condomínio,2025-09-01,2024-05-16,PL.INFRA,PREV,TERMINO,12
CA02,JARDIM DA SERRA I,Condomínio,2025-09-01,2024-05-17,LEG.INFRA,PREV,INICIO,13
CA02,JARDIM DA SERRA I,Condomínio,2025-09-01,2024-12-20,LEG.INFRA,PREV,TERMINO,13
CA02,JARDIM DA SERRA I,Condomínio,2025-09-01,2025-03-25,ENG. INFRA,PREV,INICIO,14
CA02,JARDIM DA SERRA I,Condomínio,2025-09-01,2025-07-29,ENG. INFRA,PREV,TERMINO,14
CA02,JARDIM DA SERRA I,Condomínio,2025-09-01,2025-07-30,EXECINFRA,PREV,INICIO,15
CA02,JARDIM DA SERRA I,Condomínio,2025-09-01,2025-12-30,EXECINFRA,PREV,TERMINO,15
CA02,JARDIM DA SERRA I,Condomínio,2025-09-01,2025-06-16,ENG.PAV,PREV,INICIO,16
CA02,JARDIM DA SERRA I,Condomínio,2025-09-01,2025-09-29,ENG.PAV,PREV,TERMINO,16
CA02,JARDIM DA SERRA I,Condomínio,2025-09-01,2025-09-30,EXEC.PAV,PREV,INICIO,17
CA02,JARDIM DA SERRA I,Condomínio,2025-09-01,2025-12-30,EXEC.PAV,PREV,TERMINO,17
CA02,JARDIM DA SERRA I,Condomínio,2025-09-01,2025-12-31,PUL.INFRA,PREV,INICIO,18
CA02,JARDIM DA SERRA I,Condomínio,2025-09-01,2025-12-31,PUL.INFRA,PREV,TERMINO,18
CA02,JARDIM DA SERRA I,Condomínio,2025-09-01,2023-11-07,PL.RAD,PREV,INICIO,19
CA02,JARDIM DA SERRA I,Condomínio,2025-09-01,2024-02-27,PL.RAD,PREV,TERMINO,19
CA02,JARDIM DA SERRA I,Condomínio,2025-09-01,2024-02-28,LEG.RAD,PREV,INICIO,20
CA02,JARDIM DA SERRA I,Condomínio,2025-09-01,2025-08-28,LEG.RAD,PREV,TERMINO,20
CA02,JARDIM DA SERRA I,Condomínio,2025-09-01,2025-08-29,PUL.RAD,PREV,INICIO,21
CA02,JARDIM DA SERRA I,Condomínio,2025-09-01,2025-08-29,PUL.RAD,PREV,TERMINO,21
CA02,JARDIM DA SERRA I,Condomínio,2025-09-01,2026-01-01,RAD,PREV,INICIO,22
CA02,JARDIM DA SERRA I,Condomínio,2025-09-01,2025-09-01,DEM.MIN,PREV,INICIO,23
CA02,JARDIM DA SERRA II (TOINHO) ,Condomínio,2028-05-01,2024-12-30,PROSPEC,PREV,INICIO,1
CA02,JARDIM DA SERRA II (TOINHO) ,Condomínio,2028-05-01,2025-04-30,PROSPEC,PREV,TERMINO,1
CA02,JARDIM DA SERRA II (TOINHO) ,Condomínio,2028-05-01,2028-04-27,PROSPEC,PREV,TERMINO,1
CA02,JARDIM DA SERRA II (TOINHO) ,Condomínio,2028-05-01,2026-10-27,LEGVENDA,PREV,INICIO,2
CA02,JARDIM DA SERRA II (TOINHO) ,Condomínio,2028-05-01,2028-04-28,PULVENDA,PREV,INICIO,3
CA02,JARDIM DA SERRA II (TOINHO) ,Condomínio,2028-05-01,2028-04-28,PULVENDA,PREV,TERMINO,3
CA02,JARDIM DA SERRA II (TOINHO) ,Condomínio,2028-05-01,2026-07-06,PL.LIMP,PREV,INICIO,4
CA02,JARDIM DA SERRA II (TOINHO) ,Condomínio,2028-05-01,2026-08-24,PL.LIMP,PREV,TERMINO,4
CA02,JARDIM DA SERRA II (TOINHO) ,Condomínio,2028-05-01,2026-08-25,LEG.LIMP,PREV,INICIO,5
CA02,JARDIM DA SERRA II (TOINHO) ,Condomínio,2028-05-01,2026-11-17,LEG.LIMP,PREV,TERMINO,5
CA02,JARDIM DA SERRA II (TOINHO) ,Condomínio,2028-05-01,2026-11-18,ENG.LIMP,PREV,INICIO,6
CA02,JARDIM DA SERRA II (TOINHO) ,Condomínio,2028-05-01,2027-02-10,ENG.LIMP,PREV,TERMINO,6
CA02,JARDIM DA SERRA II (TOINHO) ,Condomínio,2028-05-01,2027-03-21,EXECLIMP,PREV,INICIO,7
CA02,JARDIM DA SERRA II (TOINHO) ,Condomínio,2028-05-01,2027-04-21,EXECLIMP,PREV,TERMINO,7
CA02,JARDIM DA SERRA II (TOINHO) ,Condomínio,2028-05-01,2026-10-27,PL.TER,PREV,INICIO,8
CA02,JARDIM DA SERRA II (TOINHO) ,Condomínio,2028-05-01,2026-12-01,PL.TER,PREV,TERMINO,8
CA02,JARDIM DA SERRA II (TOINHO) ,Condomínio,2028-05-01,2026-12-02,LEG.TER,PREV,INICIO,9
CA02,JARDIM DA SERRA II (TOINHO) ,Condomínio,2028-05-01,2027-02-24,LEG.TER,PREV,TERMINO,9
CA02,JARDIM DA SERRA II (TOINHO) ,Condomínio,2028-05-01,2027-04-22,ENG. TER,PREV,INICIO,10
CA02,JARDIM DA SERRA II (TOINHO) ,Condomínio,2028-05-01,2027-09-10,ENG. TER,PREV,TERMINO,10
CA02,JARDIM DA SERRA II (TOINHO) ,Condomínio,2028-05-01,2027-09-13,EXECTER,PREV,INICIO,11
CA02,JARDIM DA SERRA II (TOINHO) ,Condomínio,2028-05-01,2028-04-13,EXECTER,PREV,TERMINO,11
CA02,JARDIM DA SERRA II (TOINHO) ,Condomínio,2028-05-01,2026-12-02,PL.INFRA,PREV,INICIO,12
CA02,JARDIM DA SERRA II (TOINHO) ,Condomínio,2028-05-01,2027-01-13,PL.INFRA,PREV,TERMINO,12
CA02,JARDIM DA SERRA II (TOINHO) ,Condomínio,2028-05-01,2027-01-14,LEG.INFRA,PREV,INICIO,13
CA02,JARDIM DA SERRA II (TOINHO) ,Condomínio,2028-05-01,2027-08-19,LEG.INFRA,PREV,TERMINO,13
CA02,JARDIM DA SERRA II (TOINHO) ,Condomínio,2028-05-01,2027-07-09,ENG. INFRA,PREV,INICIO,14
CA02,JARDIM DA SERRA II (TOINHO) ,Condomínio,2028-05-01,2027-11-12,ENG. INFRA,PREV,TERMINO,14
CA02,JARDIM DA SERRA II (TOINHO) ,Condomínio,2028-05-01,2027-11-13,EXECINFRA,PREV,INICIO,15
CA02,JARDIM DA SERRA II (TOINHO) ,Condomínio,2028-05-01,2028-04-13,EXECINFRA,PREV,TERMINO,15
CA02,JARDIM DA SERRA II (TOINHO) ,Condomínio,2028-05-01,2027-09-29,ENG.PAV,PREV,INICIO,16
CA02,JARDIM DA SERRA II (TOINHO) ,Condomínio,2028-05-01,2028-01-12,ENG.PAV,PREV,TERMINO,16
CA02,JARDIM DA SERRA II (TOINHO) ,Condomínio,2028-05-01,2028-01-13,EXEC.PAV,PREV,INICIO,17
CA02,JARDIM DA SERRA II (TOINHO) ,Condomínio,2028-05-01,2028-04-13,EXEC.PAV,PREV,TERMINO,17
CA02,JARDIM DA SERRA II (TOINHO) ,Condomínio,2028-05-01,2028-04-14,PUL.INFRA,PREV,INICIO,18
CA02,JARDIM DA SERRA II (TOINHO) ,Condomínio,2028-05-01,2028-04-14,PUL.INFRA,PREV,TERMINO,18
CA02,JARDIM DA SERRA II (TOINHO) ,Condomínio,2028-05-01,2026-07-06,PL.RAD,PREV,INICIO,19
CA02,JARDIM DA SERRA II (TOINHO) ,Condomínio,2028-05-01,2026-10-26,PL.RAD,PREV,TERMINO,19
CA02,JARDIM DA SERRA II (TOINHO) ,Condomínio,2028-05-01,2026-10-27,LEG.RAD,PREV,INICIO,20
CA02,JARDIM DA SERRA II (TOINHO) ,Condomínio,2028-05-01,2028-04-27,LEG.RAD,PREV,TERMINO,20
CA02,JARDIM DA SERRA II (TOINHO) ,Condomínio,2028-05-01,2028-04-28,PUL.RAD,PREV,INICIO,21
CA02,JARDIM DA SERRA II (TOINHO) ,Condomínio,2028-05-01,2028-04-28,PUL.RAD,PREV,TERMINO,21
CA02,JARDIM DA SERRA II (TOINHO) ,Condomínio,2028-05-01,2028-04-15,RAD,PREV,INICIO,22
CA02,JARDIM DA SERRA II (TOINHO) ,Condomínio,2028-05-01,2028-05-01,DEM.MIN,PREV,INICIO,23
CA02,NOVO EMP CA 02,Condomínio,2031-11-01,2028-06-30,PROSPEC,PREV,INICIO,1
CA02,NOVO EMP CA 02,Condomínio,2031-11-01,2028-10-31,PROSPEC,PREV,TERMINO,1
CA02,NOVO EMP CA 02,Condomínio,2031-11-01,2031-10-30,PROSPEC,PREV,TERMINO,1
CA02,NOVO EMP CA 02,Condomínio,2031-11-01,2030-04-30,LEGVENDA,PREV,INICIO,2
CA02,NOVO EMP CA 02,Condomínio,2031-11-01,2031-10-31,PULVENDA,PREV,INICIO,3
CA02,NOVO EMP CA 02,Condomínio,2031-11-01,2031-10-31,PULVENDA,PREV,TERMINO,3
CA02,NOVO EMP CA 02,Condomínio,2031-11-01,2030-01-07,PL.LIMP,PREV,INICIO,4
CA02,NOVO EMP CA 02,Condomínio,2031-11-01,2030-02-25,PL.LIMP,PREV,TERMINO,4
CA02,NOVO EMP CA 02,Condomínio,2031-11-01,2030-02-26,LEG.LIMP,PREV,INICIO,5
CA02,NOVO EMP CA 02,Condomínio,2031-11-01,2030-05-21,LEG.LIMP,PREV,TERMINO,5
CA02,NOVO EMP CA 02,Condomínio,2031-11-01,2030-05-22,ENG.LIMP,PREV,INICIO,6
CA02,NOVO EMP CA 02,Condomínio,2031-11-01,2030-08-14,ENG.LIMP,PREV,TERMINO,6
CA02,NOVO EMP CA 02,Condomínio,2031-11-01,2030-09-22,EXECLIMP,PREV,INICIO,7
CA02,NOVO EMP CA 02,Condomínio,2031-11-01,2030-10-22,EXECLIMP,PREV,TERMINO,7
CA02,NOVO EMP CA 02,Condomínio,2031-11-01,2030-04-30,PL.TER,PREV,INICIO,8
CA02,NOVO EMP CA 02,Condomínio,2031-11-01,2030-06-04,PL.TER,PREV,TERMINO,8
CA02,NOVO EMP CA 02,Condomínio,2031-11-01,2030-06-05,LEG.TER,PREV,INICIO,9
CA02,NOVO EMP CA 02,Condomínio,2031-11-01,2030-08-28,LEG.TER,PREV,TERMINO,9
CA02,NOVO EMP CA 02,Condomínio,2031-11-01,2030-10-23,ENG. TER,PREV,INICIO,10
CA02,NOVO EMP CA 02,Condomínio,2031-11-01,2031-03-13,ENG. TER,PREV,TERMINO,10
CA02,NOVO EMP CA 02,Condomínio,2031-11-01,2031-03-14,EXECTER,PREV,INICIO,11
CA02,NOVO EMP CA 02,Condomínio,2031-11-01,2031-10-14,EXECTER,PREV,TERMINO,11
CA02,NOVO EMP CA 02,Condomínio,2031-11-01,2030-06-05,PL.INFRA,PREV,INICIO,12
CA02,NOVO EMP CA 02,Condomínio,2031-11-01,2030-07-17,PL.INFRA,PREV,TERMINO,12
CA02,NOVO EMP CA 02,Condomínio,2031-11-01,2030-07-18,LEG.INFRA,PREV,INICIO,13
CA02,NOVO EMP CA 02,Condomínio,2031-11-01,2031-02-20,LEG.INFRA,PREV,TERMINO,13
CA02,NOVO EMP CA 02,Condomínio,2031-11-01,2031-01-07,ENG. INFRA,PREV,INICIO,14
CA02,NOVO EMP CA 02,Condomínio,2031-11-01,2031-05-13,ENG. INFRA,PREV,TERMINO,14
CA02,NOVO EMP CA 02,Condomínio,2031-11-01,2031-05-14,EXECINFRA,PREV,INICIO,15
CA02,NOVO EMP CA 02,Condomínio,2031-11-01,2031-10-14,EXECINFRA,PREV,TERMINO,15
CA02,NOVO EMP CA 02,Condomínio,2031-11-01,2031-03-28,ENG.PAV,PREV,INICIO,16
CA02,NOVO EMP CA 02,Condomínio,2031-11-01,2031-07-11,ENG.PAV,PREV,TERMINO,16
CA02,NOVO EMP CA 02,Condomínio,2031-11-01,2031-07-14,EXEC.PAV,PREV,INICIO,17
CA02,NOVO EMP CA 02,Condomínio,2031-11-01,2031-10-14,EXEC.PAV,PREV,TERMINO,17
CA02,NOVO EMP CA 02,Condomínio,2031-11-01,2031-10-15,PUL.INFRA,PREV,INICIO,18
CA02,NOVO EMP CA 02,Condomínio,2031-11-01,2031-10-15,PUL.INFRA,PREV,TERMINO,18
CA02,NOVO EMP CA 02,Condomínio,2031-11-01,2030-01-07,PL.RAD,PREV,INICIO,19
CA02,NOVO EMP CA 02,Condomínio,2031-11-01,2030-04-29,PL.RAD,PREV,TERMINO,19
CA02,NOVO EMP CA 02,Condomínio,2031-11-01,2030-04-30,LEG.RAD,PREV,INICIO,20
CA02,NOVO EMP CA 02,Condomínio,2031-11-01,2031-10-30,LEG.RAD,PREV,TERMINO,20
CA02,NOVO EMP CA 02,Condomínio,2031-11-01,2031-10-31,PUL.RAD,PREV,INICIO,21
CA02,NOVO EMP CA 02,Condomínio,2031-11-01,2031-10-31,PUL.RAD,PREV,TERMINO,21
CA02,NOVO EMP CA 02,Condomínio,2031-11-01,2031-10-16,RAD,PREV,INICIO,22
CA02,NOVO EMP CA 02,Condomínio,2031-11-01,2031-11-01,DEM.MIN,PREV,INICIO,23
CA03,CARUARU T+3,Condomínio,2027-01-01,2023-08-31,PROSPEC,PREV,INICIO,1
CA03,CARUARU T+3,Condomínio,2027-01-01,2023-12-31,PROSPEC,PREV,TERMINO,1
CA03,CARUARU T+3,Condomínio,2027-01-01,2026-12-30,PROSPEC,PREV,TERMINO,1
CA03,CARUARU T+3,Condomínio,2027-01-01,2025-06-30,LEGVENDA,PREV,INICIO,2
CA03,CARUARU T+3,Condomínio,2027-01-01,2026-12-31,PULVENDA,PREV,INICIO,3
CA03,CARUARU T+3,Condomínio,2027-01-01,2026-12-31,PULVENDA,PREV,TERMINO,3
CA03,CARUARU T+3,Condomínio,2027-01-01,2025-03-07,PL.LIMP,PREV,INICIO,4
CA03,CARUARU T+3,Condomínio,2027-01-01,2025-04-25,PL.LIMP,PREV,TERMINO,4
CA03,CARUARU T+3,Condomínio,2027-01-01,2025-04-28,LEG.LIMP,PREV,INICIO,5
CA03,CARUARU T+3,Condomínio,2027-01-01,2025-07-21,LEG.LIMP,PREV,TERMINO,5
CA03,CARUARU T+3,Condomínio,2027-01-01,2025-07-22,ENG.LIMP,PREV,INICIO,6
CA03,CARUARU T+3,Condomínio,2027-01-01,2025-10-14,ENG.LIMP,PREV,TERMINO,6
CA03,CARUARU T+3,Condomínio,2027-01-01,2025-12-07,EXECLIMP,PREV,INICIO,7
CA03,CARUARU T+3,Condomínio,2027-01-01,2026-01-07,EXECLIMP,PREV,TERMINO,7
CA03,CARUARU T+3,Condomínio,2027-01-01,2025-06-30,PL.TER,PREV,INICIO,8
CA03,CARUARU T+3,Condomínio,2027-01-01,2025-08-04,PL.TER,PREV,TERMINO,8
CA03,CARUARU T+3,Condomínio,2027-01-01,2025-08-05,LEG.TER,PREV,INICIO,9
CA03,CARUARU T+3,Condomínio,2027-01-01,2025-10-28,LEG.TER,PREV,TERMINO,9
CA03,CARUARU T+3,Condomínio,2027-01-01,2026-01-08,ENG. TER,PREV,INICIO,10
CA03,CARUARU T+3,Condomínio,2027-01-01,2026-05-29,ENG. TER,PREV,TERMINO,10
CA03,CARUARU T+3,Condomínio,2027-01-01,2026-05-30,EXECTER,PREV,INICIO,11
CA03,CARUARU T+3,Condomínio,2027-01-01,2026-12-30,EXECTER,PREV,TERMINO,11
CA03,CARUARU T+3,Condomínio,2027-01-01,2025-08-05,PL.INFRA,PREV,INICIO,12
CA03,CARUARU T+3,Condomínio,2027-01-01,2025-09-16,PL.INFRA,PREV,TERMINO,12
CA03,CARUARU T+3,Condomínio,2027-01-01,2025-09-17,LEG.INFRA,PREV,INICIO,13
CA03,CARUARU T+3,Condomínio,2027-01-01,2026-04-22,LEG.INFRA,PREV,TERMINO,13
CA03,CARUARU T+3,Condomínio,2027-01-01,2026-03-25,ENG. INFRA,PREV,INICIO,14
CA03,CARUARU T+3,Condomínio,2027-01-01,2026-07-29,ENG. INFRA,PREV,TERMINO,14
CA03,CARUARU T+3,Condomínio,2027-01-01,2026-07-30,EXECINFRA,PREV,INICIO,15
CA03,CARUARU T+3,Condomínio,2027-01-01,2026-12-30,EXECINFRA,PREV,TERMINO,15
CA03,CARUARU T+3,Condomínio,2027-01-01,2026-06-16,ENG.PAV,PREV,INICIO,16
CA03,CARUARU T+3,Condomínio,2027-01-01,2026-09-29,ENG.PAV,PREV,TERMINO,16
CA03,CARUARU T+3,Condomínio,2027-01-01,2026-09-30,EXEC.PAV,PREV,INICIO,17
CA03,CARUARU T+3,Condomínio,2027-01-01,2026-12-30,EXEC.PAV,PREV,TERMINO,17
CA03,CARUARU T+3,Condomínio,2027-01-01,2026-12-31,PUL.INFRA,PREV,INICIO,18
CA03,CARUARU T+3,Condomínio,2027-01-01,2026-12-31,PUL.INFRA,PREV,TERMINO,18
CA03,CARUARU T+3,Condomínio,2027-01-01,2025-03-07,PL.RAD,PREV,INICIO,19
CA03,CARUARU T+3,Condomínio,2027-01-01,2025-06-27,PL.RAD,PREV,TERMINO,19
CA03,CARUARU T+3,Condomínio,2027-01-01,2025-06-30,LEG.RAD,PREV,INICIO,20
CA03,CARUARU T+3,Condomínio,2027-01-01,2026-12-30,LEG.RAD,PREV,TERMINO,20
CA03,CARUARU T+3,Condomínio,2027-01-01,2026-12-31,PUL.RAD,PREV,INICIO,21
CA03,CARUARU T+3,Condomínio,2027-01-01,2026-12-31,PUL.RAD,PREV,TERMINO,21
CA03,CARUARU T+3,Condomínio,2027-01-01,2027-01-01,RAD,PREV,INICIO,22
CA03,CARUARU T+3,Condomínio,2027-01-01,2027-01-01,DEM.MIN,PREV,INICIO,23
GA,JARDIM DAS HOTÊNSIAS,Condomínio,2025-09-01,2022-04-30,PROSPEC,PREV,INICIO,1
GA,JARDIM DAS HOTÊNSIAS,Condomínio,2025-09-01,2022-08-31,PROSPEC,PREV,TERMINO,1
GA,JARDIM DAS HOTÊNSIAS,Condomínio,2025-09-01,2025-08-28,PROSPEC,PREV,TERMINO,1
GA,JARDIM DAS HOTÊNSIAS,Condomínio,2025-09-01,2024-02-28,LEGVENDA,PREV,INICIO,2
GA,JARDIM DAS HOTÊNSIAS,Condomínio,2025-09-01,2025-08-29,PULVENDA,PREV,INICIO,3
GA,JARDIM DAS HOTÊNSIAS,Condomínio,2025-09-01,2025-08-29,PULVENDA,PREV,TERMINO,3
GA,JARDIM DAS HOTÊNSIAS,Condomínio,2025-09-01,2023-11-07,PL.LIMP,PREV,INICIO,4
GA,JARDIM DAS HOTÊNSIAS,Condomínio,2025-09-01,2023-12-26,PL.LIMP,PREV,TERMINO,4
GA,JARDIM DAS HOTÊNSIAS,Condomínio,2025-09-01,2023-12-27,LEG.LIMP,PREV,INICIO,5
GA,JARDIM DAS HOTÊNSIAS,Condomínio,2025-09-01,2024-03-20,LEG.LIMP,PREV,TERMINO,5
GA,JARDIM DAS HOTÊNSIAS,Condomínio,2025-09-01,2024-03-21,ENG.LIMP,PREV,INICIO,6
GA,JARDIM DAS HOTÊNSIAS,Condomínio,2025-09-01,2024-06-13,ENG.LIMP,PREV,TERMINO,6
GA,JARDIM DAS HOTÊNSIAS,Condomínio,2025-09-01,2024-06-04,EXECLIMP,PREV,INICIO,7
GA,JARDIM DAS HOTÊNSIAS,Condomínio,2025-09-01,2024-07-04,EXECLIMP,PREV,TERMINO,7
GA,JARDIM DAS HOTÊNSIAS,Condomínio,2025-09-01,2024-02-28,PL.TER,PREV,INICIO,8
GA,JARDIM DAS HOTÊNSIAS,Condomínio,2025-09-01,2024-04-03,PL.TER,PREV,TERMINO,8
GA,JARDIM DAS HOTÊNSIAS,Condomínio,2025-09-01,2024-04-04,LEG.TER,PREV,INICIO,9
GA,JARDIM DAS HOTÊNSIAS,Condomínio,2025-09-01,2024-06-27,LEG.TER,PREV,TERMINO,9
GA,JARDIM DAS HOTÊNSIAS,Condomínio,2025-09-01,2024-07-05,ENG. TER,PREV,INICIO,10
GA,JARDIM DAS HOTÊNSIAS,Condomínio,2025-09-01,2024-11-25,ENG. TER,PREV,TERMINO,10
GA,JARDIM DAS HOTÊNSIAS,Condomínio,2025-09-01,2024-11-26,EXECTER,PREV,INICIO,11
GA,JARDIM DAS HOTÊNSIAS,Condomínio,2025-09-01,2025-06-26,EXECTER,PREV,TERMINO,11
GA,JARDIM DAS HOTÊNSIAS,Condomínio,2025-09-01,2024-04-04,PL.INFRA,PREV,INICIO,12
GA,JARDIM DAS HOTÊNSIAS,Condomínio,2025-09-01,2024-05-16,PL.INFRA,PREV,TERMINO,12
GA,JARDIM DAS HOTÊNSIAS,Condomínio,2025-09-01,2024-05-17,LEG.INFRA,PREV,INICIO,13
GA,JARDIM DAS HOTÊNSIAS,Condomínio,2025-09-01,2024-12-20,LEG.INFRA,PREV,TERMINO,13
GA,JARDIM DAS HOTÊNSIAS,Condomínio,2025-09-01,2024-09-20,ENG. INFRA,PREV,INICIO,14
GA,JARDIM DAS HOTÊNSIAS,Condomínio,2025-09-01,2025-01-24,ENG. INFRA,PREV,TERMINO,14
GA,JARDIM DAS HOTÊNSIAS,Condomínio,2025-09-01,2025-01-26,EXECINFRA,PREV,INICIO,15
GA,JARDIM DAS HOTÊNSIAS,Condomínio,2025-09-01,2025-06-26,EXECINFRA,PREV,TERMINO,15
GA,JARDIM DAS HOTÊNSIAS,Condomínio,2025-09-01,2024-12-10,ENG.PAV,PREV,INICIO,16
GA,JARDIM DAS HOTÊNSIAS,Condomínio,2025-09-01,2025-03-25,ENG.PAV,PREV,TERMINO,16
GA,JARDIM DAS HOTÊNSIAS,Condomínio,2025-09-01,2025-03-26,EXEC.PAV,PREV,INICIO,17
GA,JARDIM DAS HOTÊNSIAS,Condomínio,2025-09-01,2025-06-26,EXEC.PAV,PREV,TERMINO,17
GA,JARDIM DAS HOTÊNSIAS,Condomínio,2025-09-01,2025-06-27,PUL.INFRA,PREV,INICIO,18
GA,JARDIM DAS HOTÊNSIAS,Condomínio,2025-09-01,2025-06-27,PUL.INFRA,PREV,TERMINO,18
GA,JARDIM DAS HOTÊNSIAS,Condomínio,2025-09-01,2023-11-07,PL.RAD,PREV,INICIO,19
GA,JARDIM DAS HOTÊNSIAS,Condomínio,2025-09-01,2024-02-27,PL.RAD,PREV,TERMINO,19
GA,JARDIM DAS HOTÊNSIAS,Condomínio,2025-09-01,2024-02-28,LEG.RAD,PREV,INICIO,20
GA,JARDIM DAS HOTÊNSIAS,Condomínio,2025-09-01,2025-08-28,LEG.RAD,PREV,TERMINO,20
GA,JARDIM DAS HOTÊNSIAS,Condomínio,2025-09-01,2025-08-29,PUL.RAD,PREV,INICIO,21
GA,JARDIM DAS HOTÊNSIAS,Condomínio,2025-09-01,2025-08-29,PUL.RAD,PREV,TERMINO,21
GA,JARDIM DAS HOTÊNSIAS,Condomínio,2025-09-01,2025-06-30,RAD,PREV,INICIO,22
GA,JARDIM DAS HOTÊNSIAS,Condomínio,2025-09-01,2025-09-01,DEM.MIN,PREV,INICIO,23
GA,JARDIM DAS ORQUÍDEAS,Condomínio,2026-10-01,2023-05-30,PROSPEC,PREV,INICIO,1
GA,JARDIM DAS ORQUÍDEAS,Condomínio,2026-10-01,2023-09-30,PROSPEC,PREV,TERMINO,1
GA,JARDIM DAS ORQUÍDEAS,Condomínio,2026-10-01,2026-09-29,PROSPEC,PREV,TERMINO,1
GA,JARDIM DAS ORQUÍDEAS,Condomínio,2026-10-01,2025-03-29,LEGVENDA,PREV,INICIO,2
GA,JARDIM DAS ORQUÍDEAS,Condomínio,2026-10-01,2026-09-30,PULVENDA,PREV,INICIO,3
GA,JARDIM DAS ORQUÍDEAS,Condomínio,2026-10-01,2026-09-30,PULVENDA,PREV,TERMINO,3
GA,JARDIM DAS ORQUÍDEAS,Condomínio,2026-10-01,2024-12-06,PL.LIMP,PREV,INICIO,4
GA,JARDIM DAS ORQUÍDEAS,Condomínio,2026-10-01,2025-01-24,PL.LIMP,PREV,TERMINO,4
GA,JARDIM DAS ORQUÍDEAS,Condomínio,2026-10-01,2025-01-27,LEG.LIMP,PREV,INICIO,5
GA,JARDIM DAS ORQUÍDEAS,Condomínio,2026-10-01,2025-04-21,LEG.LIMP,PREV,TERMINO,5
GA,JARDIM DAS ORQUÍDEAS,Condomínio,2026-10-01,2025-04-22,ENG.LIMP,PREV,INICIO,6
GA,JARDIM DAS ORQUÍDEAS,Condomínio,2026-10-01,2025-07-15,ENG.LIMP,PREV,TERMINO,6
GA,JARDIM DAS ORQUÍDEAS,Condomínio,2026-10-01,2025-08-05,EXECLIMP,PREV,INICIO,7
GA,JARDIM DAS ORQUÍDEAS,Condomínio,2026-10-01,2025-09-05,EXECLIMP,PREV,TERMINO,7
GA,JARDIM DAS ORQUÍDEAS,Condomínio,2026-10-01,2025-03-31,PL.TER,PREV,INICIO,8
GA,JARDIM DAS ORQUÍDEAS,Condomínio,2026-10-01,2025-05-05,PL.TER,PREV,TERMINO,8
GA,JARDIM DAS ORQUÍDEAS,Condomínio,2026-10-01,2025-05-06,LEG.TER,PREV,INICIO,9
GA,JARDIM DAS ORQUÍDEAS,Condomínio,2026-10-01,2025-07-29,LEG.TER,PREV,TERMINO,9
GA,JARDIM DAS ORQUÍDEAS,Condomínio,2026-10-01,2025-09-08,ENG. TER,PREV,INICIO,10
GA,JARDIM DAS ORQUÍDEAS,Condomínio,2026-10-01,2026-01-27,ENG. TER,PREV,TERMINO,10
GA,JARDIM DAS ORQUÍDEAS,Condomínio,2026-10-01,2026-01-28,EXECTER,PREV,INICIO,11
GA,JARDIM DAS ORQUÍDEAS,Condomínio,2026-10-01,2026-08-28,EXECTER,PREV,TERMINO,11
GA,JARDIM DAS ORQUÍDEAS,Condomínio,2026-10-01,2025-05-06,PL.INFRA,PREV,INICIO,12
GA,JARDIM DAS ORQUÍDEAS,Condomínio,2026-10-01,2025-06-17,PL.INFRA,PREV,TERMINO,12
GA,JARDIM DAS ORQUÍDEAS,Condomínio,2026-10-01,2025-06-18,LEG.INFRA,PREV,INICIO,13
GA,JARDIM DAS ORQUÍDEAS,Condomínio,2026-10-01,2026-01-21,LEG.INFRA,PREV,TERMINO,13
GA,JARDIM DAS ORQUÍDEAS,Condomínio,2026-10-01,2025-11-21,ENG. INFRA,PREV,INICIO,14
GA,JARDIM DAS ORQUÍDEAS,Condomínio,2026-10-01,2026-03-27,ENG. INFRA,PREV,TERMINO,14
GA,JARDIM DAS ORQUÍDEAS,Condomínio,2026-10-01,2026-03-30,EXECINFRA,PREV,INICIO,15
GA,JARDIM DAS ORQUÍDEAS,Condomínio,2026-10-01,2026-08-30,EXECINFRA,PREV,TERMINO,15
GA,JARDIM DAS ORQUÍDEAS,Condomínio,2026-10-01,2026-02-11,ENG.PAV,PREV,INICIO,16
GA,JARDIM DAS ORQUÍDEAS,Condomínio,2026-10-01,2026-05-27,ENG.PAV,PREV,TERMINO,16
GA,JARDIM DAS ORQUÍDEAS,Condomínio,2026-10-01,2026-05-28,EXEC.PAV,PREV,INICIO,17
GA,JARDIM DAS ORQUÍDEAS,Condomínio,2026-10-01,2026-08-28,EXEC.PAV,PREV,TERMINO,17
GA,JARDIM DAS ORQUÍDEAS,Condomínio,2026-10-01,2026-08-31,PUL.INFRA,PREV,INICIO,18
GA,JARDIM DAS ORQUÍDEAS,Condomínio,2026-10-01,2026-08-31,PUL.INFRA,PREV,TERMINO,18
GA,JARDIM DAS ORQUÍDEAS,Condomínio,2026-10-01,2024-12-06,PL.RAD,PREV,INICIO,19
GA,JARDIM DAS ORQUÍDEAS,Condomínio,2026-10-01,2025-03-28,PL.RAD,PREV,TERMINO,19
GA,JARDIM DAS ORQUÍDEAS,Condomínio,2026-10-01,2025-03-29,LEG.RAD,PREV,INICIO,20
GA,JARDIM DAS ORQUÍDEAS,Condomínio,2026-10-01,2026-09-29,LEG.RAD,PREV,TERMINO,20
GA,JARDIM DAS ORQUÍDEAS,Condomínio,2026-10-01,2026-09-30,PUL.RAD,PREV,INICIO,21
GA,JARDIM DAS ORQUÍDEAS,Condomínio,2026-10-01,2026-09-30,PUL.RAD,PREV,TERMINO,21
GA,JARDIM DAS ORQUÍDEAS,Condomínio,2026-10-01,2026-09-01,RAD,PREV,INICIO,22
GA,JARDIM DAS ORQUÍDEAS,Condomínio,2026-10-01,2026-10-01,DEM.MIN,PREV,INICIO,23
GA,JARDIM DOS LÍRIOS,Condomínio,2027-10-01,2024-05-30,PROSPEC,PREV,INICIO,1
GA,JARDIM DOS LÍRIOS,Condomínio,2027-10-01,2024-09-30,PROSPEC,PREV,TERMINO,1
GA,JARDIM DOS LÍRIOS,Condomínio,2027-10-01,2027-09-29,PROSPEC,PREV,TERMINO,1
GA,JARDIM DOS LÍRIOS,Condomínio,2027-10-01,2026-03-29,LEGVENDA,PREV,INICIO,2
GA,JARDIM DOS LÍRIOS,Condomínio,2027-10-01,2027-09-30,PULVENDA,PREV,INICIO,3
GA,JARDIM DOS LÍRIOS,Condomínio,2027-10-01,2027-09-30,PULVENDA,PREV,TERMINO,3
GA,JARDIM DOS LÍRIOS,Condomínio,2027-10-01,2025-12-05,PL.LIMP,PREV,INICIO,4
GA,JARDIM DOS LÍRIOS,Condomínio,2027-10-01,2026-01-23,PL.LIMP,PREV,TERMINO,4
GA,JARDIM DOS LÍRIOS,Condomínio,2027-10-01,2026-01-26,LEG.LIMP,PREV,INICIO,5
GA,JARDIM DOS LÍRIOS,Condomínio,2027-10-01,2026-04-20,LEG.LIMP,PREV,TERMINO,5
GA,JARDIM DOS LÍRIOS,Condomínio,2027-10-01,2026-04-21,ENG.LIMP,PREV,INICIO,6
GA,JARDIM DOS LÍRIOS,Condomínio,2027-10-01,2026-07-14,ENG.LIMP,PREV,TERMINO,6
GA,JARDIM DOS LÍRIOS,Condomínio,2027-10-01,2026-08-09,EXECLIMP,PREV,INICIO,7
GA,JARDIM DOS LÍRIOS,Condomínio,2027-10-01,2026-09-09,EXECLIMP,PREV,TERMINO,7
GA,JARDIM DOS LÍRIOS,Condomínio,2027-10-01,2026-03-30,PL.TER,PREV,INICIO,8
GA,JARDIM DOS LÍRIOS,Condomínio,2027-10-01,2026-05-04,PL.TER,PREV,TERMINO,8
GA,JARDIM DOS LÍRIOS,Condomínio,2027-10-01,2026-05-05,LEG.TER,PREV,INICIO,9
GA,JARDIM DOS LÍRIOS,Condomínio,2027-10-01,2026-07-28,LEG.TER,PREV,TERMINO,9
GA,JARDIM DOS LÍRIOS,Condomínio,2027-10-01,2026-09-10,ENG. TER,PREV,INICIO,10
GA,JARDIM DOS LÍRIOS,Condomínio,2027-10-01,2027-01-29,ENG. TER,PREV,TERMINO,10
GA,JARDIM DOS LÍRIOS,Condomínio,2027-10-01,2027-01-30,EXECTER,PREV,INICIO,11
GA,JARDIM DOS LÍRIOS,Condomínio,2027-10-01,2027-08-30,EXECTER,PREV,TERMINO,11
GA,JARDIM DOS LÍRIOS,Condomínio,2027-10-01,2026-05-05,PL.INFRA,PREV,INICIO,12
GA,JARDIM DOS LÍRIOS,Condomínio,2027-10-01,2026-06-16,PL.INFRA,PREV,TERMINO,12
GA,JARDIM DOS LÍRIOS,Condomínio,2027-10-01,2026-06-17,LEG.INFRA,PREV,INICIO,13
GA,JARDIM DOS LÍRIOS,Condomínio,2027-10-01,2027-01-20,LEG.INFRA,PREV,TERMINO,13
GA,JARDIM DOS LÍRIOS,Condomínio,2027-10-01,2026-11-23,ENG. INFRA,PREV,INICIO,14
GA,JARDIM DOS LÍRIOS,Condomínio,2027-10-01,2027-03-29,ENG. INFRA,PREV,TERMINO,14
GA,JARDIM DOS LÍRIOS,Condomínio,2027-10-01,2027-03-30,EXECINFRA,PREV,INICIO,15
GA,JARDIM DOS LÍRIOS,Condomínio,2027-10-01,2027-08-30,EXECINFRA,PREV,TERMINO,15
GA,JARDIM DOS LÍRIOS,Condomínio,2027-10-01,2027-02-12,ENG.PAV,PREV,INICIO,16
GA,JARDIM DOS LÍRIOS,Condomínio,2027-10-01,2027-05-28,ENG.PAV,PREV,TERMINO,16
GA,JARDIM DOS LÍRIOS,Condomínio,2027-10-01,2027-05-30,EXEC.PAV,PREV,INICIO,17
GA,JARDIM DOS LÍRIOS,Condomínio,2027-10-01,2027-08-30,EXEC.PAV,PREV,TERMINO,17
GA,JARDIM DOS LÍRIOS,Condomínio,2027-10-01,2027-08-31,PUL.INFRA,PREV,INICIO,18
GA,JARDIM DOS LÍRIOS,Condomínio,2027-10-01,2027-08-31,PUL.INFRA,PREV,TERMINO,18
GA,JARDIM DOS LÍRIOS,Condomínio,2027-10-01,2025-12-05,PL.RAD,PREV,INICIO,19
GA,JARDIM DOS LÍRIOS,Condomínio,2027-10-01,2026-03-27,PL.RAD,PREV,TERMINO,19
GA,JARDIM DOS LÍRIOS,Condomínio,2027-10-01,2026-03-29,LEG.RAD,PREV,INICIO,20
GA,JARDIM DOS LÍRIOS,Condomínio,2027-10-01,2027-09-29,LEG.RAD,PREV,TERMINO,20
GA,JARDIM DOS LÍRIOS,Condomínio,2027-10-01,2027-09-30,PUL.RAD,PREV,INICIO,21
GA,JARDIM DOS LÍRIOS,Condomínio,2027-10-01,2027-09-30,PUL.RAD,PREV,TERMINO,21
GA,JARDIM DOS LÍRIOS,Condomínio,2027-10-01,2027-09-01,RAD,PREV,INICIO,22
GA,JARDIM DOS LÍRIOS,Condomínio,2027-10-01,2027-10-01,DEM.MIN,PREV,INICIO,23
GA,NOVO EMP GA,Condomínio,2028-05-01,2024-12-30,PROSPEC,PREV,INICIO,1
GA,NOVO EMP GA,Condomínio,2028-05-01,2025-04-30,PROSPEC,PREV,TERMINO,1
GA,NOVO EMP GA,Condomínio,2028-05-01,2028-04-27,PROSPEC,PREV,TERMINO,1
GA,NOVO EMP GA,Condomínio,2028-05-01,2026-10-27,LEGVENDA,PREV,INICIO,2
GA,NOVO EMP GA,Condomínio,2028-05-01,2028-04-28,PULVENDA,PREV,INICIO,3
GA,NOVO EMP GA,Condomínio,2028-05-01,2028-04-28,PULVENDA,PREV,TERMINO,3
GA,NOVO EMP GA,Condomínio,2028-05-01,2026-07-06,PL.LIMP,PREV,INICIO,4
GA,NOVO EMP GA,Condomínio,2028-05-01,2026-08-24,PL.LIMP,PREV,TERMINO,4
GA,NOVO EMP GA,Condomínio,2028-05-01,2026-08-25,LEG.LIMP,PREV,INICIO,5
GA,NOVO EMP GA,Condomínio,2028-05-01,2026-11-17,LEG.LIMP,PREV,TERMINO,5
GA,NOVO EMP GA,Condomínio,2028-05-01,2026-11-18,ENG.LIMP,PREV,INICIO,6
GA,NOVO EMP GA,Condomínio,2028-05-01,2027-02-10,ENG.LIMP,PREV,TERMINO,6
GA,NOVO EMP GA,Condomínio,2028-05-01,2027-03-07,EXECLIMP,PREV,INICIO,7
GA,NOVO EMP GA,Condomínio,2028-05-01,2027-04-07,EXECLIMP,PREV,TERMINO,7
GA,NOVO EMP GA,Condomínio,2028-05-01,2026-10-27,PL.TER,PREV,INICIO,8
GA,NOVO EMP GA,Condomínio,2028-05-01,2026-12-01,PL.TER,PREV,TERMINO,8
GA,NOVO EMP GA,Condomínio,2028-05-01,2026-12-02,LEG.TER,PREV,INICIO,9
GA,NOVO EMP GA,Condomínio,2028-05-01,2027-02-24,LEG.TER,PREV,TERMINO,9
GA,NOVO EMP GA,Condomínio,2028-05-01,2027-04-08,ENG. TER,PREV,INICIO,10
GA,NOVO EMP GA,Condomínio,2028-05-01,2027-08-27,ENG. TER,PREV,TERMINO,10
GA,NOVO EMP GA,Condomínio,2028-05-01,2027-08-30,EXECTER,PREV,INICIO,11
GA,NOVO EMP GA,Condomínio,2028-05-01,2028-03-30,EXECTER,PREV,TERMINO,11
GA,NOVO EMP GA,Condomínio,2028-05-01,2026-12-02,PL.INFRA,PREV,INICIO,12
GA,NOVO EMP GA,Condomínio,2028-05-01,2027-01-13,PL.INFRA,PREV,TERMINO,12
GA,NOVO EMP GA,Condomínio,2028-05-01,2027-01-14,LEG.INFRA,PREV,INICIO,13
GA,NOVO EMP GA,Condomínio,2028-05-01,2027-08-19,LEG.INFRA,PREV,TERMINO,13
GA,NOVO EMP GA,Condomínio,2028-05-01,2027-06-25,ENG. INFRA,PREV,INICIO,14
GA,NOVO EMP GA,Condomínio,2028-05-01,2027-10-29,ENG. INFRA,PREV,TERMINO,14
GA,NOVO EMP GA,Condomínio,2028-05-01,2027-10-30,EXECINFRA,PREV,INICIO,15
GA,NOVO EMP GA,Condomínio,2028-05-01,2028-03-30,EXECINFRA,PREV,TERMINO,15
GA,NOVO EMP GA,Condomínio,2028-05-01,2027-09-15,ENG.PAV,PREV,INICIO,16
GA,NOVO EMP GA,Condomínio,2028-05-01,2027-12-29,ENG.PAV,PREV,TERMINO,16
GA,NOVO EMP GA,Condomínio,2028-05-01,2027-12-30,EXEC.PAV,PREV,INICIO,17
GA,NOVO EMP GA,Condomínio,2028-05-01,2028-03-30,EXEC.PAV,PREV,TERMINO,17
GA,NOVO EMP GA,Condomínio,2028-05-01,2028-03-31,PUL.INFRA,PREV,INICIO,18
GA,NOVO EMP GA,Condomínio,2028-05-01,2028-03-31,PUL.INFRA,PREV,TERMINO,18
GA,NOVO EMP GA,Condomínio,2028-05-01,2026-07-06,PL.RAD,PREV,INICIO,19
GA,NOVO EMP GA,Condomínio,2028-05-01,2026-10-26,PL.RAD,PREV,TERMINO,19
GA,NOVO EMP GA,Condomínio,2028-05-01,2026-10-27,LEG.RAD,PREV,INICIO,20
GA,NOVO EMP GA,Condomínio,2028-05-01,2028-04-27,LEG.RAD,PREV,TERMINO,20
GA,NOVO EMP GA,Condomínio,2028-05-01,2028-04-28,PUL.RAD,PREV,INICIO,21
GA,NOVO EMP GA,Condomínio,2028-05-01,2028-04-28,PUL.RAD,PREV,TERMINO,21
GA,NOVO EMP GA,Condomínio,2028-05-01,2028-04-01,RAD,PREV,INICIO,22
GA,NOVO EMP GA,Condomínio,2028-05-01,2028-05-01,DEM.MIN,PREV,INICIO,23
IG,JARDIM DOS CAMPOS,Condomínio,2027-01-01,2023-08-31,PROSPEC,PREV,INICIO,1
IG,JARDIM DOS CAMPOS,Condomínio,2027-01-01,2023-12-31,PROSPEC,PREV,TERMINO,1
IG,JARDIM DOS CAMPOS,Condomínio,2027-01-01,2026-12-30,PROSPEC,PREV,TERMINO,1
IG,JARDIM DOS CAMPOS,Condomínio,2027-01-01,2025-06-30,LEGVENDA,PREV,INICIO,2
IG,JARDIM DOS CAMPOS,Condomínio,2027-01-01,2026-12-31,PULVENDA,PREV,INICIO,3
IG,JARDIM DOS CAMPOS,Condomínio,2027-01-01,2026-12-31,PULVENDA,PREV,TERMINO,3
IG,JARDIM DOS CAMPOS,Condomínio,2027-01-01,2025-03-07,PL.LIMP,PREV,INICIO,4
IG,JARDIM DOS CAMPOS,Condomínio,2027-01-01,2025-04-25,PL.LIMP,PREV,TERMINO,4
IG,JARDIM DOS CAMPOS,Condomínio,2027-01-01,2025-04-28,LEG.LIMP,PREV,INICIO,5
IG,JARDIM DOS CAMPOS,Condomínio,2027-01-01,2025-07-21,LEG.LIMP,PREV,TERMINO,5
IG,JARDIM DOS CAMPOS,Condomínio,2027-01-01,2025-07-22,ENG.LIMP,PREV,INICIO,6
IG,JARDIM DOS CAMPOS,Condomínio,2027-01-01,2025-10-14,ENG.LIMP,PREV,TERMINO,6
IG,JARDIM DOS CAMPOS,Condomínio,2027-01-01,2025-12-07,EXECLIMP,PREV,INICIO,7
IG,JARDIM DOS CAMPOS,Condomínio,2027-01-01,2026-01-07,EXECLIMP,PREV,TERMINO,7
IG,JARDIM DOS CAMPOS,Condomínio,2027-01-01,2025-06-30,PL.TER,PREV,INICIO,8
IG,JARDIM DOS CAMPOS,Condomínio,2027-01-01,2025-08-04,PL.TER,PREV,TERMINO,8
IG,JARDIM DOS CAMPOS,Condomínio,2027-01-01,2025-08-05,LEG.TER,PREV,INICIO,9
IG,JARDIM DOS CAMPOS,Condomínio,2027-01-01,2025-10-28,LEG.TER,PREV,TERMINO,9
IG,JARDIM DOS CAMPOS,Condomínio,2027-01-01,2026-01-08,ENG. TER,PREV,INICIO,10
IG,JARDIM DOS CAMPOS,Condomínio,2027-01-01,2026-05-29,ENG. TER,PREV,TERMINO,10
IG,JARDIM DOS CAMPOS,Condomínio,2027-01-01,2026-05-30,EXECTER,PREV,INICIO,11
IG,JARDIM DOS CAMPOS,Condomínio,2027-01-01,2026-12-30,EXECTER,PREV,TERMINO,11
IG,JARDIM DOS CAMPOS,Condomínio,2027-01-01,2025-08-05,PL.INFRA,PREV,INICIO,12
IG,JARDIM DOS CAMPOS,Condomínio,2027-01-01,2025-09-16,PL.INFRA,PREV,TERMINO,12
IG,JARDIM DOS CAMPOS,Condomínio,2027-01-01,2025-09-17,LEG.INFRA,PREV,INICIO,13
IG,JARDIM DOS CAMPOS,Condomínio,2027-01-01,2026-04-22,LEG.INFRA,PREV,TERMINO,13
IG,JARDIM DOS CAMPOS,Condomínio,2027-01-01,2026-03-25,ENG. INFRA,PREV,INICIO,14
IG,JARDIM DOS CAMPOS,Condomínio,2027-01-01,2026-07-29,ENG. INFRA,PREV,TERMINO,14
IG,JARDIM DOS CAMPOS,Condomínio,2027-01-01,2026-07-30,EXECINFRA,PREV,INICIO,15
IG,JARDIM DOS CAMPOS,Condomínio,2027-01-01,2026-12-30,EXECINFRA,PREV,TERMINO,15
IG,JARDIM DOS CAMPOS,Condomínio,2027-01-01,2026-06-16,ENG.PAV,PREV,INICIO,16
IG,JARDIM DOS CAMPOS,Condomínio,2027-01-01,2026-09-29,ENG.PAV,PREV,TERMINO,16
IG,JARDIM DOS CAMPOS,Condomínio,2027-01-01,2026-09-30,EXEC.PAV,PREV,INICIO,17
IG,JARDIM DOS CAMPOS,Condomínio,2027-01-01,2026-12-30,EXEC.PAV,PREV,TERMINO,17
IG,JARDIM DOS CAMPOS,Condomínio,2027-01-01,2026-12-31,PUL.INFRA,PREV,INICIO,18
IG,JARDIM DOS CAMPOS,Condomínio,2027-01-01,2026-12-31,PUL.INFRA,PREV,TERMINO,18
IG,JARDIM DOS CAMPOS,Condomínio,2027-01-01,2025-03-07,PL.RAD,PREV,INICIO,19
IG,JARDIM DOS CAMPOS,Condomínio,2027-01-01,2025-06-27,PL.RAD,PREV,TERMINO,19
IG,JARDIM DOS CAMPOS,Condomínio,2027-01-01,2025-06-30,LEG.RAD,PREV,INICIO,20
IG,JARDIM DOS CAMPOS,Condomínio,2027-01-01,2026-12-30,LEG.RAD,PREV,TERMINO,20
IG,JARDIM DOS CAMPOS,Condomínio,2027-01-01,2026-12-31,PUL.RAD,PREV,INICIO,21
IG,JARDIM DOS CAMPOS,Condomínio,2027-01-01,2026-12-31,PUL.RAD,PREV,TERMINO,21
IG,JARDIM DOS CAMPOS,Condomínio,2027-01-01,2027-01-01,RAD,PREV,INICIO,22
IG,JARDIM DOS CAMPOS,Condomínio,2027-01-01,2027-01-01,DEM.MIN,PREV,INICIO,23
JB,JARDIM DOS ARCOS,Condomínio,2025-09-01,2022-04-30,PROSPEC,PREV,INICIO,1
JB,JARDIM DOS ARCOS,Condomínio,2025-09-01,2022-08-31,PROSPEC,PREV,TERMINO,1
JB,JARDIM DOS ARCOS,Condomínio,2025-09-01,2025-08-28,PROSPEC,PREV,TERMINO,1
JB,JARDIM DOS ARCOS,Condomínio,2025-09-01,2024-02-28,LEGVENDA,PREV,INICIO,2
JB,JARDIM DOS ARCOS,Condomínio,2025-09-01,2025-08-29,PULVENDA,PREV,INICIO,3
JB,JARDIM DOS ARCOS,Condomínio,2025-09-01,2025-08-29,PULVENDA,PREV,TERMINO,3
JB,JARDIM DOS ARCOS,Condomínio,2025-09-01,2023-11-07,PL.LIMP,PREV,INICIO,4
JB,JARDIM DOS ARCOS,Condomínio,2025-09-01,2023-12-26,PL.LIMP,PREV,TERMINO,4
JB,JARDIM DOS ARCOS,Condomínio,2025-09-01,2023-12-27,LEG.LIMP,PREV,INICIO,5
JB,JARDIM DOS ARCOS,Condomínio,2025-09-01,2024-03-20,LEG.LIMP,PREV,TERMINO,5
JB,JARDIM DOS ARCOS,Condomínio,2025-09-01,2024-03-21,ENG.LIMP,PREV,INICIO,6
JB,JARDIM DOS ARCOS,Condomínio,2025-09-01,2024-06-13,ENG.LIMP,PREV,TERMINO,6
JB,JARDIM DOS ARCOS,Condomínio,2025-09-01,2024-12-07,EXECLIMP,PREV,INICIO,7
JB,JARDIM DOS ARCOS,Condomínio,2025-09-01,2025-01-07,EXECLIMP,PREV,TERMINO,7
JB,JARDIM DOS ARCOS,Condomínio,2025-09-01,2024-02-28,PL.TER,PREV,INICIO,8
JB,JARDIM DOS ARCOS,Condomínio,2025-09-01,2024-04-03,PL.TER,PREV,TERMINO,8
JB,JARDIM DOS ARCOS,Condomínio,2025-09-01,2024-04-04,LEG.TER,PREV,INICIO,9
JB,JARDIM DOS ARCOS,Condomínio,2025-09-01,2024-06-27,LEG.TER,PREV,TERMINO,9
JB,JARDIM DOS ARCOS,Condomínio,2025-09-01,2025-01-08,ENG. TER,PREV,INICIO,10
JB,JARDIM DOS ARCOS,Condomínio,2025-09-01,2025-05-29,ENG. TER,PREV,TERMINO,10
JB,JARDIM DOS ARCOS,Condomínio,2025-09-01,2025-05-30,EXECTER,PREV,INICIO,11
JB,JARDIM DOS ARCOS,Condomínio,2025-09-01,2025-12-30,EXECTER,PREV,TERMINO,11
JB,JARDIM DOS ARCOS,Condomínio,2025-09-01,2024-04-04,PL.INFRA,PREV,INICIO,12
JB,JARDIM DOS ARCOS,Condomínio,2025-09-01,2024-05-16,PL.INFRA,PREV,TERMINO,12
JB,JARDIM DOS ARCOS,Condomínio,2025-09-01,2024-05-17,LEG.INFRA,PREV,INICIO,13
JB,JARDIM DOS ARCOS,Condomínio,2025-09-01,2024-12-20,LEG.INFRA,PREV,TERMINO,13
JB,JARDIM DOS ARCOS,Condomínio,2025-09-01,2025-03-25,ENG. INFRA,PREV,INICIO,14
JB,JARDIM DOS ARCOS,Condomínio,2025-09-01,2025-07-29,ENG. INFRA,PREV,TERMINO,14
JB,JARDIM DOS ARCOS,Condomínio,2025-09-01,2025-07-30,EXECINFRA,PREV,INICIO,15
JB,JARDIM DOS ARCOS,Condomínio,2025-09-01,2025-12-30,EXECINFRA,PREV,TERMINO,15
JB,JARDIM DOS ARCOS,Condomínio,2025-09-01,2025-06-16,ENG.PAV,PREV,INICIO,16
JB,JARDIM DOS ARCOS,Condomínio,2025-09-01,2025-09-29,ENG.PAV,PREV,TERMINO,16
JB,JARDIM DOS ARCOS,Condomínio,2025-09-01,2025-09-30,EXEC.PAV,PREV,INICIO,17
JB,JARDIM DOS ARCOS,Condomínio,2025-09-01,2025-12-30,EXEC.PAV,PREV,TERMINO,17
JB,JARDIM DOS ARCOS,Condomínio,2025-09-01,2025-12-31,PUL.INFRA,PREV,INICIO,18
JB,JARDIM DOS ARCOS,Condomínio,2025-09-01,2025-12-31,PUL.INFRA,PREV,TERMINO,18
JB,JARDIM DOS ARCOS,Condomínio,2025-09-01,2023-11-07,PL.RAD,PREV,INICIO,19
JB,JARDIM DOS ARCOS,Condomínio,2025-09-01,2024-02-27,PL.RAD,PREV,TERMINO,19
JB,JARDIM DOS ARCOS,Condomínio,2025-09-01,2024-02-28,LEG.RAD,PREV,INICIO,20
JB,JARDIM DOS ARCOS,Condomínio,2025-09-01,2025-08-28,LEG.RAD,PREV,TERMINO,20
JB,JARDIM DOS ARCOS,Condomínio,2025-09-01,2025-08-29,PUL.RAD,PREV,INICIO,21
JB,JARDIM DOS ARCOS,Condomínio,2025-09-01,2025-08-29,PUL.RAD,PREV,TERMINO,21
JB,JARDIM DOS ARCOS,Condomínio,2025-09-01,2026-01-01,RAD,PREV,INICIO,22
JB,JARDIM DOS ARCOS,Condomínio,2025-09-01,2025-09-01,DEM.MIN,PREV,INICIO,23
JB,JARDIM DOS ARCOS 2,Condomínio,2027-03-01,2023-10-29,PROSPEC,PREV,INICIO,1
JB,JARDIM DOS ARCOS 2,Condomínio,2027-03-01,2024-02-29,PROSPEC,PREV,TERMINO,1
JB,JARDIM DOS ARCOS 2,Condomínio,2027-03-01,2027-02-25,PROSPEC,PREV,TERMINO,1
JB,JARDIM DOS ARCOS 2,Condomínio,2027-03-01,2025-08-25,LEGVENDA,PREV,INICIO,2
JB,JARDIM DOS ARCOS 2,Condomínio,2027-03-01,2027-02-26,PULVENDA,PREV,INICIO,3
JB,JARDIM DOS ARCOS 2,Condomínio,2027-03-01,2027-02-26,PULVENDA,PREV,TERMINO,3
JB,JARDIM DOS ARCOS 2,Condomínio,2027-03-01,2025-05-02,PL.LIMP,PREV,INICIO,4
JB,JARDIM DOS ARCOS 2,Condomínio,2027-03-01,2025-06-20,PL.LIMP,PREV,TERMINO,4
JB,JARDIM DOS ARCOS 2,Condomínio,2027-03-01,2025-06-23,LEG.LIMP,PREV,INICIO,5
JB,JARDIM DOS ARCOS 2,Condomínio,2027-03-01,2025-09-15,LEG.LIMP,PREV,TERMINO,5
JB,JARDIM DOS ARCOS 2,Condomínio,2027-03-01,2025-09-16,ENG.LIMP,PREV,INICIO,6
JB,JARDIM DOS ARCOS 2,Condomínio,2027-03-01,2025-12-09,ENG.LIMP,PREV,TERMINO,6
JB,JARDIM DOS ARCOS 2,Condomínio,2027-03-01,2026-01-04,EXECLIMP,PREV,INICIO,7
JB,JARDIM DOS ARCOS 2,Condomínio,2027-03-01,2026-02-04,EXECLIMP,PREV,TERMINO,7
JB,JARDIM DOS ARCOS 2,Condomínio,2027-03-01,2025-08-25,PL.TER,PREV,INICIO,8
JB,JARDIM DOS ARCOS 2,Condomínio,2027-03-01,2025-09-29,PL.TER,PREV,TERMINO,8
JB,JARDIM DOS ARCOS 2,Condomínio,2027-03-01,2025-09-30,LEG.TER,PREV,INICIO,9
JB,JARDIM DOS ARCOS 2,Condomínio,2027-03-01,2025-12-23,LEG.TER,PREV,TERMINO,9
JB,JARDIM DOS ARCOS 2,Condomínio,2027-03-01,2026-02-05,ENG. TER,PREV,INICIO,10
JB,JARDIM DOS ARCOS 2,Condomínio,2027-03-01,2026-06-26,ENG. TER,PREV,TERMINO,10
JB,JARDIM DOS ARCOS 2,Condomínio,2027-03-01,2026-06-28,EXECTER,PREV,INICIO,11
JB,JARDIM DOS ARCOS 2,Condomínio,2027-03-01,2027-01-28,EXECTER,PREV,TERMINO,11
JB,JARDIM DOS ARCOS 2,Condomínio,2027-03-01,2025-09-30,PL.INFRA,PREV,INICIO,12
JB,JARDIM DOS ARCOS 2,Condomínio,2027-03-01,2025-11-11,PL.INFRA,PREV,TERMINO,12
JB,JARDIM DOS ARCOS 2,Condomínio,2027-03-01,2025-11-12,LEG.INFRA,PREV,INICIO,13
JB,JARDIM DOS ARCOS 2,Condomínio,2027-03-01,2026-06-17,LEG.INFRA,PREV,TERMINO,13
JB,JARDIM DOS ARCOS 2,Condomínio,2027-03-01,2026-04-23,ENG. INFRA,PREV,INICIO,14
JB,JARDIM DOS ARCOS 2,Condomínio,2027-03-01,2026-08-27,ENG. INFRA,PREV,TERMINO,14
JB,JARDIM DOS ARCOS 2,Condomínio,2027-03-01,2026-08-28,EXECINFRA,PREV,INICIO,15
JB,JARDIM DOS ARCOS 2,Condomínio,2027-03-01,2027-01-28,EXECINFRA,PREV,TERMINO,15
JB,JARDIM DOS ARCOS 2,Condomínio,2027-03-01,2026-07-14,ENG.PAV,PREV,INICIO,16
JB,JARDIM DOS ARCOS 2,Condomínio,2027-03-01,2026-10-27,ENG.PAV,PREV,TERMINO,16
JB,JARDIM DOS ARCOS 2,Condomínio,2027-03-01,2026-10-28,EXEC.PAV,PREV,INICIO,17
JB,JARDIM DOS ARCOS 2,Condomínio,2027-03-01,2027-01-28,EXEC.PAV,PREV,TERMINO,17
JB,JARDIM DOS ARCOS 2,Condomínio,2027-03-01,2027-01-29,PUL.INFRA,PREV,INICIO,18
JB,JARDIM DOS ARCOS 2,Condomínio,2027-03-01,2027-01-29,PUL.INFRA,PREV,TERMINO,18
JB,JARDIM DOS ARCOS 2,Condomínio,2027-03-01,2025-05-02,PL.RAD,PREV,INICIO,19
JB,JARDIM DOS ARCOS 2,Condomínio,2027-03-01,2025-08-22,PL.RAD,PREV,TERMINO,19
JB,JARDIM DOS ARCOS 2,Condomínio,2027-03-01,2025-08-25,LEG.RAD,PREV,INICIO,20
JB,JARDIM DOS ARCOS 2,Condomínio,2027-03-01,2027-02-25,LEG.RAD,PREV,TERMINO,20
JB,JARDIM DOS ARCOS 2,Condomínio,2027-03-01,2027-02-26,PUL.RAD,PREV,INICIO,21
JB,JARDIM DOS ARCOS 2,Condomínio,2027-03-01,2027-02-26,PUL.RAD,PREV,TERMINO,21
JB,JARDIM DOS ARCOS 2,Condomínio,2027-03-01,2027-01-30,RAD,PREV,INICIO,22
JB,JARDIM DOS ARCOS 2,Condomínio,2027-03-01,2027-03-01,DEM.MIN,PREV,INICIO,23
SC,NOVO MALHADA,Loteamento,2026-11-01,2023-06-30,PROSPEC,PREV,INICIO,1
SC,NOVO MALHADA,Loteamento,2026-11-01,2023-10-31,PROSPEC,PREV,TERMINO,1
SC,NOVO MALHADA,Loteamento,2026-11-01,2026-10-29,PROSPEC,PREV,TERMINO,1
SC,NOVO MALHADA,Loteamento,2026-11-01,2024-10-29,LEGVENDA,PREV,INICIO,2
SC,NOVO MALHADA,Loteamento,2026-11-01,2026-10-30,PULVENDA,PREV,INICIO,3
SC,NOVO MALHADA,Loteamento,2026-11-01,2026-10-30,PULVENDA,PREV,TERMINO,3
SC,NOVO MALHADA,Loteamento,2026-11-01,2024-07-08,PL.LIMP,PREV,INICIO,4
SC,NOVO MALHADA,Loteamento,2026-11-01,2024-08-26,PL.LIMP,PREV,TERMINO,4
SC,NOVO MALHADA,Loteamento,2026-11-01,2024-08-27,LEG.LIMP,PREV,INICIO,5
SC,NOVO MALHADA,Loteamento,2026-11-01,2024-11-19,LEG.LIMP,PREV,TERMINO,5
SC,NOVO MALHADA,Loteamento,2026-11-01,2024-11-20,ENG.LIMP,PREV,INICIO,6
SC,NOVO MALHADA,Loteamento,2026-11-01,2025-02-12,ENG.LIMP,PREV,TERMINO,6
SC,NOVO MALHADA,Loteamento,2026-11-01,2025-08-19,EXECLIMP,PREV,INICIO,7
SC,NOVO MALHADA,Loteamento,2026-11-01,2025-09-19,EXECLIMP,PREV,TERMINO,7
SC,NOVO MALHADA,Loteamento,2026-11-01,2024-10-29,PL.TER,PREV,INICIO,8
SC,NOVO MALHADA,Loteamento,2026-11-01,2024-12-03,PL.TER,PREV,TERMINO,8
SC,NOVO MALHADA,Loteamento,2026-11-01,2024-12-04,LEG.TER,PREV,INICIO,9
SC,NOVO MALHADA,Loteamento,2026-11-01,2025-02-26,LEG.TER,PREV,TERMINO,9
SC,NOVO MALHADA,Loteamento,2026-11-01,2025-09-22,ENG. TER,PREV,INICIO,10
SC,NOVO MALHADA,Loteamento,2026-11-01,2026-02-10,ENG. TER,PREV,TERMINO,10
SC,NOVO MALHADA,Loteamento,2026-11-01,2026-02-11,EXECTER,PREV,INICIO,11
SC,NOVO MALHADA,Loteamento,2026-11-01,2026-09-11,EXECTER,PREV,TERMINO,11
SC,NOVO MALHADA,Loteamento,2026-11-01,2024-12-04,PL.INFRA,PREV,INICIO,12
SC,NOVO MALHADA,Loteamento,2026-11-01,2025-01-15,PL.INFRA,PREV,TERMINO,12
SC,NOVO MALHADA,Loteamento,2026-11-01,2025-01-16,LEG.INFRA,PREV,INICIO,13
SC,NOVO MALHADA,Loteamento,2026-11-01,2025-08-21,LEG.INFRA,PREV,TERMINO,13
SC,NOVO MALHADA,Loteamento,2026-11-01,2025-12-05,ENG. INFRA,PREV,INICIO,14
SC,NOVO MALHADA,Loteamento,2026-11-01,2026-04-10,ENG. INFRA,PREV,TERMINO,14
SC,NOVO MALHADA,Loteamento,2026-11-01,2026-04-11,EXECINFRA,PREV,INICIO,15
SC,NOVO MALHADA,Loteamento,2026-11-01,2026-09-11,EXECINFRA,PREV,TERMINO,15
SC,NOVO MALHADA,Loteamento,2026-11-01,2026-02-25,ENG.PAV,PREV,INICIO,16
SC,NOVO MALHADA,Loteamento,2026-11-01,2026-06-10,ENG.PAV,PREV,TERMINO,16
SC,NOVO MALHADA,Loteamento,2026-11-01,2026-06-11,EXEC.PAV,PREV,INICIO,17
SC,NOVO MALHADA,Loteamento,2026-11-01,2026-09-11,EXEC.PAV,PREV,TERMINO,17
SC,NOVO MALHADA,Loteamento,2026-11-01,2026-09-14,PUL.INFRA,PREV,INICIO,18
SC,NOVO MALHADA,Loteamento,2026-11-01,2026-09-14,PUL.INFRA,PREV,TERMINO,18
SC,NOVO MALHADA,Loteamento,2026-11-01,2024-07-08,PL.RAD,PREV,INICIO,19
SC,NOVO MALHADA,Loteamento,2026-11-01,2024-10-28,PL.RAD,PREV,TERMINO,19
SC,NOVO MALHADA,Loteamento,2026-11-01,2024-10-29,LEG.RAD,PREV,INICIO,20
SC,NOVO MALHADA,Loteamento,2026-11-01,2026-10-29,LEG.RAD,PREV,TERMINO,20
SC,NOVO MALHADA,Loteamento,2026-11-01,2026-10-30,PUL.RAD,PREV,INICIO,21
SC,NOVO MALHADA,Loteamento,2026-11-01,2026-10-30,PUL.RAD,PREV,TERMINO,21
SC,NOVO MALHADA,Loteamento,2026-11-01,2026-09-15,RAD,PREV,INICIO,22
SC,NOVO MALHADA,Loteamento,2026-11-01,2026-11-01,DEM.MIN,PREV,INICIO,23
SL,JARDIM DOS EUCALIPTOS,Condomínio,2025-09-01,2022-04-30,PROSPEC,PREV,INICIO,1
SL,JARDIM DOS EUCALIPTOS,Condomínio,2025-09-01,2022-08-31,PROSPEC,PREV,TERMINO,1
SL,JARDIM DOS EUCALIPTOS,Condomínio,2025-09-01,2025-08-28,PROSPEC,PREV,TERMINO,1
SL,JARDIM DOS EUCALIPTOS,Condomínio,2025-09-01,2024-02-28,LEGVENDA,PREV,INICIO,2
SL,JARDIM DOS EUCALIPTOS,Condomínio,2025-09-01,2025-08-29,PULVENDA,PREV,INICIO,3
SL,JARDIM DOS EUCALIPTOS,Condomínio,2025-09-01,2025-08-29,PULVENDA,PREV,TERMINO,3
SL,JARDIM DOS EUCALIPTOS,Condomínio,2025-09-01,2023-11-07,PL.LIMP,PREV,INICIO,4
SL,JARDIM DOS EUCALIPTOS,Condomínio,2025-09-01,2023-12-26,PL.LIMP,PREV,TERMINO,4
SL,JARDIM DOS EUCALIPTOS,Condomínio,2025-09-01,2023-12-27,LEG.LIMP,PREV,INICIO,5
SL,JARDIM DOS EUCALIPTOS,Condomínio,2025-09-01,2024-03-20,LEG.LIMP,PREV,TERMINO,5
SL,JARDIM DOS EUCALIPTOS,Condomínio,2025-09-01,2024-03-21,ENG.LIMP,PREV,INICIO,6
SL,JARDIM DOS EUCALIPTOS,Condomínio,2025-09-01,2024-06-13,ENG.LIMP,PREV,TERMINO,6
SL,JARDIM DOS EUCALIPTOS,Condomínio,2025-09-01,2024-12-07,EXECLIMP,PREV,INICIO,7
SL,JARDIM DOS EUCALIPTOS,Condomínio,2025-09-01,2025-01-07,EXECLIMP,PREV,TERMINO,7
SL,JARDIM DOS EUCALIPTOS,Condomínio,2025-09-01,2024-02-28,PL.TER,PREV,INICIO,8
SL,JARDIM DOS EUCALIPTOS,Condomínio,2025-09-01,2024-04-03,PL.TER,PREV,TERMINO,8
SL,JARDIM DOS EUCALIPTOS,Condomínio,2025-09-01,2024-04-04,LEG.TER,PREV,INICIO,9
SL,JARDIM DOS EUCALIPTOS,Condomínio,2025-09-01,2024-06-27,LEG.TER,PREV,TERMINO,9
SL,JARDIM DOS EUCALIPTOS,Condomínio,2025-09-01,2025-01-08,ENG. TER,PREV,INICIO,10
SL,JARDIM DOS EUCALIPTOS,Condomínio,2025-09-01,2025-05-29,ENG. TER,PREV,TERMINO,10
SL,JARDIM DOS EUCALIPTOS,Condomínio,2025-09-01,2025-05-30,EXECTER,PREV,INICIO,11
SL,JARDIM DOS EUCALIPTOS,Condomínio,2025-09-01,2025-12-30,EXECTER,PREV,TERMINO,11
SL,JARDIM DOS EUCALIPTOS,Condomínio,2025-09-01,2024-04-04,PL.INFRA,PREV,INICIO,12
SL,JARDIM DOS EUCALIPTOS,Condomínio,2025-09-01,2024-05-16,PL.INFRA,PREV,TERMINO,12
SL,JARDIM DOS EUCALIPTOS,Condomínio,2025-09-01,2024-05-17,LEG.INFRA,PREV,INICIO,13
SL,JARDIM DOS EUCALIPTOS,Condomínio,2025-09-01,2024-12-20,LEG.INFRA,PREV,TERMINO,13
SL,JARDIM DOS EUCALIPTOS,Condomínio,2025-09-01,2025-03-25,ENG. INFRA,PREV,INICIO,14
SL,JARDIM DOS EUCALIPTOS,Condomínio,2025-09-01,2025-07-29,ENG. INFRA,PREV,TERMINO,14
SL,JARDIM DOS EUCALIPTOS,Condomínio,2025-09-01,2025-07-30,EXECINFRA,PREV,INICIO,15
SL,JARDIM DOS EUCALIPTOS,Condomínio,2025-09-01,2025-12-30,EXECINFRA,PREV,TERMINO,15
SL,JARDIM DOS EUCALIPTOS,Condomínio,2025-09-01,2025-06-16,ENG.PAV,PREV,INICIO,16
SL,JARDIM DOS EUCALIPTOS,Condomínio,2025-09-01,2025-09-29,ENG.PAV,PREV,TERMINO,16
SL,JARDIM DOS EUCALIPTOS,Condomínio,2025-09-01,2025-09-30,EXEC.PAV,PREV,INICIO,17
SL,JARDIM DOS EUCALIPTOS,Condomínio,2025-09-01,2025-12-30,EXEC.PAV,PREV,TERMINO,17
SL,JARDIM DOS EUCALIPTOS,Condomínio,2025-09-01,2025-12-31,PUL.INFRA,PREV,INICIO,18
SL,JARDIM DOS EUCALIPTOS,Condomínio,2025-09-01,2025-12-31,PUL.INFRA,PREV,TERMINO,18
SL,JARDIM DOS EUCALIPTOS,Condomínio,2025-09-01,2023-11-07,PL.RAD,PREV,INICIO,19
SL,JARDIM DOS EUCALIPTOS,Condomínio,2025-09-01,2024-02-27,PL.RAD,PREV,TERMINO,19
SL,JARDIM DOS EUCALIPTOS,Condomínio,2025-09-01,2024-02-28,LEG.RAD,PREV,INICIO,20
SL,JARDIM DOS EUCALIPTOS,Condomínio,2025-09-01,2025-08-28,LEG.RAD,PREV,TERMINO,20
SL,JARDIM DOS EUCALIPTOS,Condomínio,2025-09-01,2025-08-29,PUL.RAD,PREV,INICIO,21
SL,JARDIM DOS EUCALIPTOS,Condomínio,2025-09-01,2025-08-29,PUL.RAD,PREV,TERMINO,21
SL,JARDIM DOS EUCALIPTOS,Condomínio,2025-09-01,2026-01-01,RAD,PREV,INICIO,22
SL,JARDIM DOS EUCALIPTOS,Condomínio,2025-09-01,2025-09-01,DEM.MIN,PREV,INICIO,23
SL,PETRIBÚ 02,Condomínio,2027-07-01,2024-02-29,PROSPEC,PREV,INICIO,1
SL,PETRIBÚ 02,Condomínio,2027-07-01,2024-06-30,PROSPEC,PREV,TERMINO,1
SL,PETRIBÚ 02,Condomínio,2027-07-01,2027-06-29,PROSPEC,PREV,TERMINO,1
SL,PETRIBÚ 02,Condomínio,2027-07-01,2025-12-29,LEGVENDA,PREV,INICIO,2
SL,PETRIBÚ 02,Condomínio,2027-07-01,2027-06-30,PULVENDA,PREV,INICIO,3
SL,PETRIBÚ 02,Condomínio,2027-07-01,2027-06-30,PULVENDA,PREV,TERMINO,3
SL,PETRIBÚ 02,Condomínio,2027-07-01,2025-09-05,PL.LIMP,PREV,INICIO,4
SL,PETRIBÚ 02,Condomínio,2027-07-01,2025-10-24,PL.LIMP,PREV,TERMINO,4
SL,PETRIBÚ 02,Condomínio,2027-07-01,2025-10-27,LEG.LIMP,PREV,INICIO,5
SL,PETRIBÚ 02,Condomínio,2027-07-01,2026-01-19,LEG.LIMP,PREV,TERMINO,5
SL,PETRIBÚ 02,Condomínio,2027-07-01,2026-01-20,ENG.LIMP,PREV,INICIO,6
SL,PETRIBÚ 02,Condomínio,2027-07-01,2026-04-14,ENG.LIMP,PREV,TERMINO,6
SL,PETRIBÚ 02,Condomínio,2027-07-01,2026-05-05,EXECLIMP,PREV,INICIO,7
SL,PETRIBÚ 02,Condomínio,2027-07-01,2026-06-05,EXECLIMP,PREV,TERMINO,7
SL,PETRIBÚ 02,Condomínio,2027-07-01,2025-12-29,PL.TER,PREV,INICIO,8
SL,PETRIBÚ 02,Condomínio,2027-07-01,2026-02-02,PL.TER,PREV,TERMINO,8
SL,PETRIBÚ 02,Condomínio,2027-07-01,2026-02-03,LEG.TER,PREV,INICIO,9
SL,PETRIBÚ 02,Condomínio,2027-07-01,2026-04-28,LEG.TER,PREV,TERMINO,9
SL,PETRIBÚ 02,Condomínio,2027-07-01,2026-06-08,ENG. TER,PREV,INICIO,10
SL,PETRIBÚ 02,Condomínio,2027-07-01,2026-10-27,ENG. TER,PREV,TERMINO,10
SL,PETRIBÚ 02,Condomínio,2027-07-01,2026-10-28,EXECTER,PREV,INICIO,11
SL,PETRIBÚ 02,Condomínio,2027-07-01,2027-05-28,EXECTER,PREV,TERMINO,11
SL,PETRIBÚ 02,Condomínio,2027-07-01,2026-02-03,PL.INFRA,PREV,INICIO,12
SL,PETRIBÚ 02,Condomínio,2027-07-01,2026-03-17,PL.INFRA,PREV,TERMINO,12
SL,PETRIBÚ 02,Condomínio,2027-07-01,2026-03-18,LEG.INFRA,PREV,INICIO,13
SL,PETRIBÚ 02,Condomínio,2027-07-01,2026-10-21,LEG.INFRA,PREV,TERMINO,13
SL,PETRIBÚ 02,Condomínio,2027-07-01,2026-08-25,ENG. INFRA,PREV,INICIO,14
SL,PETRIBÚ 02,Condomínio,2027-07-01,2026-12-29,ENG. INFRA,PREV,TERMINO,14
SL,PETRIBÚ 02,Condomínio,2027-07-01,2026-12-30,EXECINFRA,PREV,INICIO,15
SL,PETRIBÚ 02,Condomínio,2027-07-01,2027-05-30,EXECINFRA,PREV,TERMINO,15
SL,PETRIBÚ 02,Condomínio,2027-07-01,2026-11-13,ENG.PAV,PREV,INICIO,16
SL,PETRIBÚ 02,Condomínio,2027-07-01,2027-02-26,ENG.PAV,PREV,TERMINO,16
SL,PETRIBÚ 02,Condomínio,2027-07-01,2027-02-28,EXEC.PAV,PREV,INICIO,17
SL,PETRIBÚ 02,Condomínio,2027-07-01,2027-05-28,EXEC.PAV,PREV,TERMINO,17
SL,PETRIBÚ 02,Condomínio,2027-07-01,2027-05-31,PUL.INFRA,PREV,INICIO,18
SL,PETRIBÚ 02,Condomínio,2027-07-01,2027-05-31,PUL.INFRA,PREV,TERMINO,18
SL,PETRIBÚ 02,Condomínio,2027-07-01,2025-09-05,PL.RAD,PREV,INICIO,19
SL,PETRIBÚ 02,Condomínio,2027-07-01,2025-12-26,PL.RAD,PREV,TERMINO,19
SL,PETRIBÚ 02,Condomínio,2027-07-01,2025-12-29,LEG.RAD,PREV,INICIO,20
SL,PETRIBÚ 02,Condomínio,2027-07-01,2027-06-29,LEG.RAD,PREV,TERMINO,20
SL,PETRIBÚ 02,Condomínio,2027-07-01,2027-06-30,PUL.RAD,PREV,INICIO,21
SL,PETRIBÚ 02,Condomínio,2027-07-01,2027-06-30,PUL.RAD,PREV,TERMINO,21
SL,PETRIBÚ 02,Condomínio,2027-07-01,2027-06-01,RAD,PREV,INICIO,22
SL,PETRIBÚ 02,Condomínio,2027-07-01,2027-07-01,DEM.MIN,PREV,INICIO,23
SL,PETRIBÚ 03,Condomínio,2029-02-01,2025-09-30,PROSPEC,PREV,INICIO,1
SL,PETRIBÚ 03,Condomínio,2029-02-01,2026-01-31,PROSPEC,PREV,TERMINO,1
SL,PETRIBÚ 03,Condomínio,2029-02-01,2029-01-30,PROSPEC,PREV,TERMINO,1
SL,PETRIBÚ 03,Condomínio,2029-02-01,2027-07-30,LEGVENDA,PREV,INICIO,2
SL,PETRIBÚ 03,Condomínio,2029-02-01,2029-01-31,PULVENDA,PREV,INICIO,3
SL,PETRIBÚ 03,Condomínio,2029-02-01,2029-01-31,PULVENDA,PREV,TERMINO,3
SL,PETRIBÚ 03,Condomínio,2029-02-01,2027-04-08,PL.LIMP,PREV,INICIO,4
SL,PETRIBÚ 03,Condomínio,2029-02-01,2027-05-27,PL.LIMP,PREV,TERMINO,4
SL,PETRIBÚ 03,Condomínio,2029-02-01,2027-05-28,LEG.LIMP,PREV,INICIO,5
SL,PETRIBÚ 03,Condomínio,2029-02-01,2027-08-20,LEG.LIMP,PREV,TERMINO,5
SL,PETRIBÚ 03,Condomínio,2029-02-01,2027-08-23,ENG.LIMP,PREV,INICIO,6
SL,PETRIBÚ 03,Condomínio,2029-02-01,2027-11-15,ENG.LIMP,PREV,TERMINO,6
SL,PETRIBÚ 03,Condomínio,2029-02-01,2027-12-05,EXECLIMP,PREV,INICIO,7
SL,PETRIBÚ 03,Condomínio,2029-02-01,2028-01-05,EXECLIMP,PREV,TERMINO,7
SL,PETRIBÚ 03,Condomínio,2029-02-01,2027-07-30,PL.TER,PREV,INICIO,8
SL,PETRIBÚ 03,Condomínio,2029-02-01,2027-09-03,PL.TER,PREV,TERMINO,8
SL,PETRIBÚ 03,Condomínio,2029-02-01,2027-09-06,LEG.TER,PREV,INICIO,9
SL,PETRIBÚ 03,Condomínio,2029-02-01,2027-11-29,LEG.TER,PREV,TERMINO,9
SL,PETRIBÚ 03,Condomínio,2029-02-01,2028-01-06,ENG. TER,PREV,INICIO,10
SL,PETRIBÚ 03,Condomínio,2029-02-01,2028-05-26,ENG. TER,PREV,TERMINO,10
SL,PETRIBÚ 03,Condomínio,2029-02-01,2028-05-29,EXECTER,PREV,INICIO,11
SL,PETRIBÚ 03,Condomínio,2029-02-01,2028-12-29,EXECTER,PREV,TERMINO,11
SL,PETRIBÚ 03,Condomínio,2029-02-01,2027-09-06,PL.INFRA,PREV,INICIO,12
SL,PETRIBÚ 03,Condomínio,2029-02-01,2027-10-18,PL.INFRA,PREV,TERMINO,12
SL,PETRIBÚ 03,Condomínio,2029-02-01,2027-10-19,LEG.INFRA,PREV,INICIO,13
SL,PETRIBÚ 03,Condomínio,2029-02-01,2028-05-23,LEG.INFRA,PREV,TERMINO,13
SL,PETRIBÚ 03,Condomínio,2029-02-01,2028-03-24,ENG. INFRA,PREV,INICIO,14
SL,PETRIBÚ 03,Condomínio,2029-02-01,2028-07-28,ENG. INFRA,PREV,TERMINO,14
SL,PETRIBÚ 03,Condomínio,2029-02-01,2028-07-31,EXECINFRA,PREV,INICIO,15
SL,PETRIBÚ 03,Condomínio,2029-02-01,2028-12-31,EXECINFRA,PREV,TERMINO,15
SL,PETRIBÚ 03,Condomínio,2029-02-01,2028-06-15,ENG.PAV,PREV,INICIO,16
SL,PETRIBÚ 03,Condomínio,2029-02-01,2028-09-28,ENG.PAV,PREV,TERMINO,16
SL,PETRIBÚ 03,Condomínio,2029-02-01,2028-09-29,EXEC.PAV,PREV,INICIO,17
SL,PETRIBÚ 03,Condomínio,2029-02-01,2028-12-29,EXEC.PAV,PREV,TERMINO,17
SL,PETRIBÚ 03,Condomínio,2029-02-01,2029-01-01,PUL.INFRA,PREV,INICIO,18
SL,PETRIBÚ 03,Condomínio,2029-02-01,2029-01-01,PUL.INFRA,PREV,TERMINO,18
SL,PETRIBÚ 03,Condomínio,2029-02-01,2027-04-08,PL.RAD,PREV,INICIO,19
SL,PETRIBÚ 03,Condomínio,2029-02-01,2027-07-29,PL.RAD,PREV,TERMINO,19
SL,PETRIBÚ 03,Condomínio,2029-02-01,2027-07-30,LEG.RAD,PREV,INICIO,20
SL,PETRIBÚ 03,Condomínio,2029-02-01,2029-01-30,LEG.RAD,PREV,TERMINO,20
SL,PETRIBÚ 03,Condomínio,2029-02-01,2029-01-31,PUL.RAD,PREV,INICIO,21
SL,PETRIBÚ 03,Condomínio,2029-02-01,2029-01-31,PUL.RAD,PREV,TERMINO,21
SL,PETRIBÚ 03,Condomínio,2029-02-01,2029-01-02,RAD,PREV,INICIO,22
SL,PETRIBÚ 03,Condomínio,2029-02-01,2029-02-01,DEM.MIN,PREV,INICIO,23
SL,PETRIBÚ 04,Condomínio,2030-08-01,2027-03-31,PROSPEC,PREV,INICIO,1
SL,PETRIBÚ 04,Condomínio,2030-08-01,2027-07-31,PROSPEC,PREV,TERMINO,1
SL,PETRIBÚ 04,Condomínio,2030-08-01,2030-07-30,PROSPEC,PREV,TERMINO,1
SL,PETRIBÚ 04,Condomínio,2030-08-01,2029-01-30,LEGVENDA,PREV,INICIO,2
SL,PETRIBÚ 04,Condomínio,2030-08-01,2030-07-31,PULVENDA,PREV,INICIO,3
SL,PETRIBÚ 04,Condomínio,2030-08-01,2030-07-31,PULVENDA,PREV,TERMINO,3
SL,PETRIBÚ 04,Condomínio,2030-08-01,2028-10-09,PL.LIMP,PREV,INICIO,4
SL,PETRIBÚ 04,Condomínio,2030-08-01,2028-11-27,PL.LIMP,PREV,TERMINO,4
SL,PETRIBÚ 04,Condomínio,2030-08-01,2028-11-28,LEG.LIMP,PREV,INICIO,5
SL,PETRIBÚ 04,Condomínio,2030-08-01,2029-02-20,LEG.LIMP,PREV,TERMINO,5
SL,PETRIBÚ 04,Condomínio,2030-08-01,2029-02-21,ENG.LIMP,PREV,INICIO,6
SL,PETRIBÚ 04,Condomínio,2030-08-01,2029-05-16,ENG.LIMP,PREV,TERMINO,6
SL,PETRIBÚ 04,Condomínio,2030-08-01,2029-06-20,EXECLIMP,PREV,INICIO,7
SL,PETRIBÚ 04,Condomínio,2030-08-01,2029-07-20,EXECLIMP,PREV,TERMINO,7
SL,PETRIBÚ 04,Condomínio,2030-08-01,2029-01-30,PL.TER,PREV,INICIO,8
SL,PETRIBÚ 04,Condomínio,2030-08-01,2029-03-06,PL.TER,PREV,TERMINO,8
SL,PETRIBÚ 04,Condomínio,2030-08-01,2029-03-07,LEG.TER,PREV,INICIO,9
SL,PETRIBÚ 04,Condomínio,2030-08-01,2029-05-30,LEG.TER,PREV,TERMINO,9
SL,PETRIBÚ 04,Condomínio,2030-08-01,2029-07-23,ENG. TER,PREV,INICIO,10
SL,PETRIBÚ 04,Condomínio,2030-08-01,2029-12-11,ENG. TER,PREV,TERMINO,10
SL,PETRIBÚ 04,Condomínio,2030-08-01,2029-12-12,EXECTER,PREV,INICIO,11
SL,PETRIBÚ 04,Condomínio,2030-08-01,2030-07-12,EXECTER,PREV,TERMINO,11
SL,PETRIBÚ 04,Condomínio,2030-08-01,2029-03-07,PL.INFRA,PREV,INICIO,12
SL,PETRIBÚ 04,Condomínio,2030-08-01,2029-04-18,PL.INFRA,PREV,TERMINO,12
SL,PETRIBÚ 04,Condomínio,2030-08-01,2029-04-19,LEG.INFRA,PREV,INICIO,13
SL,PETRIBÚ 04,Condomínio,2030-08-01,2029-11-22,LEG.INFRA,PREV,TERMINO,13
SL,PETRIBÚ 04,Condomínio,2030-08-01,2029-10-10,ENG. INFRA,PREV,INICIO,14
SL,PETRIBÚ 04,Condomínio,2030-08-01,2030-02-13,ENG. INFRA,PREV,TERMINO,14
SL,PETRIBÚ 04,Condomínio,2030-08-01,2030-02-14,EXECINFRA,PREV,INICIO,15
SL,PETRIBÚ 04,Condomínio,2030-08-01,2030-07-14,EXECINFRA,PREV,TERMINO,15
SL,PETRIBÚ 04,Condomínio,2030-08-01,2029-12-27,ENG.PAV,PREV,INICIO,16
SL,PETRIBÚ 04,Condomínio,2030-08-01,2030-04-11,ENG.PAV,PREV,TERMINO,16
SL,PETRIBÚ 04,Condomínio,2030-08-01,2030-04-12,EXEC.PAV,PREV,INICIO,17
SL,PETRIBÚ 04,Condomínio,2030-08-01,2030-07-12,EXEC.PAV,PREV,TERMINO,17
SL,PETRIBÚ 04,Condomínio,2030-08-01,2030-07-15,PUL.INFRA,PREV,INICIO,18
SL,PETRIBÚ 04,Condomínio,2030-08-01,2030-07-15,PUL.INFRA,PREV,TERMINO,18
SL,PETRIBÚ 04,Condomínio,2030-08-01,2028-10-09,PL.RAD,PREV,INICIO,19
SL,PETRIBÚ 04,Condomínio,2030-08-01,2029-01-29,PL.RAD,PREV,TERMINO,19
SL,PETRIBÚ 04,Condomínio,2030-08-01,2029-01-30,LEG.RAD,PREV,INICIO,20
SL,PETRIBÚ 04,Condomínio,2030-08-01,2030-07-30,LEG.RAD,PREV,TERMINO,20
SL,PETRIBÚ 04,Condomínio,2030-08-01,2030-07-31,PUL.RAD,PREV,INICIO,21
SL,PETRIBÚ 04,Condomínio,2030-08-01,2030-07-31,PUL.RAD,PREV,TERMINO,21
SL,PETRIBÚ 04,Condomínio,2030-08-01,2030-07-16,RAD,PREV,INICIO,22
SL,PETRIBÚ 04,Condomínio,2030-08-01,2030-08-01,DEM.MIN,PREV,INICIO,23
VIT,VITÓRIA,Condomínio,2027-01-01,2023-08-31,PROSPEC,PREV,INICIO,1
VIT,VITÓRIA,Condomínio,2027-01-01,2023-12-31,PROSPEC,PREV,TERMINO,1
VIT,VITÓRIA,Condomínio,2027-01-01,2026-12-30,PROSPEC,PREV,TERMINO,1
VIT,VITÓRIA,Condomínio,2027-01-01,2025-06-30,LEGVENDA,PREV,INICIO,2
VIT,VITÓRIA,Condomínio,2027-01-01,2026-12-31,PULVENDA,PREV,INICIO,3
VIT,VITÓRIA,Condomínio,2027-01-01,2026-12-31,PULVENDA,PREV,TERMINO,3
VIT,VITÓRIA,Condomínio,2027-01-01,2025-03-07,PL.LIMP,PREV,INICIO,4
VIT,VITÓRIA,Condomínio,2027-01-01,2025-04-25,PL.LIMP,PREV,TERMINO,4
VIT,VITÓRIA,Condomínio,2027-01-01,2025-04-28,LEG.LIMP,PREV,INICIO,5
VIT,VITÓRIA,Condomínio,2027-01-01,2025-07-21,LEG.LIMP,PREV,TERMINO,5
VIT,VITÓRIA,Condomínio,2027-01-01,2025-07-22,ENG.LIMP,PREV,INICIO,6
VIT,VITÓRIA,Condomínio,2027-01-01,2025-10-14,ENG.LIMP,PREV,TERMINO,6
VIT,VITÓRIA,Condomínio,2027-01-01,2025-12-07,EXECLIMP,PREV,INICIO,7
VIT,VITÓRIA,Condomínio,2027-01-01,2026-01-07,EXECLIMP,PREV,TERMINO,7
VIT,VITÓRIA,Condomínio,2027-01-01,2025-06-30,PL.TER,PREV,INICIO,8
VIT,VITÓRIA,Condomínio,2027-01-01,2025-08-04,PL.TER,PREV,TERMINO,8
VIT,VITÓRIA,Condomínio,2027-01-01,2025-08-05,LEG.TER,PREV,INICIO,9
VIT,VITÓRIA,Condomínio,2027-01-01,2025-10-28,LEG.TER,PREV,TERMINO,9
VIT,VITÓRIA,Condomínio,2027-01-01,2026-01-08,ENG. TER,PREV,INICIO,10
VIT,VITÓRIA,Condomínio,2027-01-01,2026-05-29,ENG. TER,PREV,TERMINO,10
VIT,VITÓRIA,Condomínio,2027-01-01,2026-05-30,EXECTER,PREV,INICIO,11
VIT,VITÓRIA,Condomínio,2027-01-01,2026-12-30,EXECTER,PREV,TERMINO,11
VIT,VITÓRIA,Condomínio,2027-01-01,2025-08-05,PL.INFRA,PREV,INICIO,12
VIT,VITÓRIA,Condomínio,2027-01-01,2025-09-16,PL.INFRA,PREV,TERMINO,12
VIT,VITÓRIA,Condomínio,2027-01-01,2025-09-17,LEG.INFRA,PREV,INICIO,13
VIT,VITÓRIA,Condomínio,2027-01-01,2026-04-22,LEG.INFRA,PREV,TERMINO,13
VIT,VITÓRIA,Condomínio,2027-01-01,2026-03-25,ENG. INFRA,PREV,INICIO,14
VIT,VITÓRIA,Condomínio,2027-01-01,2026-07-29,ENG. INFRA,PREV,TERMINO,14
VIT,VITÓRIA,Condomínio,2027-01-01,2026-07-30,EXECINFRA,PREV,INICIO,15
VIT,VITÓRIA,Condomínio,2027-01-01,2026-12-30,EXECINFRA,PREV,TERMINO,15
VIT,VITÓRIA,Condomínio,2027-01-01,2026-06-16,ENG.PAV,PREV,INICIO,16
VIT,VITÓRIA,Condomínio,2027-01-01,2026-09-29,ENG.PAV,PREV,TERMINO,16
VIT,VITÓRIA,Condomínio,2027-01-01,2026-09-30,EXEC.PAV,PREV,INICIO,17
VIT,VITÓRIA,Condomínio,2027-01-01,2026-12-30,EXEC.PAV,PREV,TERMINO,17
VIT,VITÓRIA,Condomínio,2027-01-01,2026-12-31,PUL.INFRA,PREV,INICIO,18
VIT,VITÓRIA,Condomínio,2027-01-01,2026-12-31,PUL.INFRA,PREV,TERMINO,18
VIT,VITÓRIA,Condomínio,2027-01-01,2025-03-07,PL.RAD,PREV,INICIO,19
VIT,VITÓRIA,Condomínio,2027-01-01,2025-06-27,PL.RAD,PREV,TERMINO,19
VIT,VITÓRIA,Condomínio,2027-01-01,2025-06-30,LEG.RAD,PREV,INICIO,20
VIT,VITÓRIA,Condomínio,2027-01-01,2026-12-30,LEG.RAD,PREV,TERMINO,20
VIT,VITÓRIA,Condomínio,2027-01-01,2026-12-31,PUL.RAD,PREV,INICIO,21
VIT,VITÓRIA,Condomínio,2027-01-01,2026-12-31,PUL.RAD,PREV,TERMINO,21
VIT,VITÓRIA,Condomínio,2027-01-01,2027-01-01,RAD,PREV,INICIO,22
VIT,VITÓRIA,Condomínio,2027-01-01,2027-01-01,DEM.MIN,PREV,INICIO,23
